"","Names","Seq"
"1","OTU_10222","actagcaggagcatttgcgcattcaggagcatctgttgatttagcaatctttagtttacatttagcaggtgtttcatcaattgcgggtgcgattaattttatcgttactattaacaatatgcgttgccgaggtatgatgtttagccgtttaccattatttgtttgaacagtactgattactgctattttattattattatcattacctgtattagcaggtgcaattaccatgcttttaactgatcgaaatttaaatactactttttttgatgctgcaggtggtggtgatccggtattatatcaacatttattt"
"2","OTU_1475","actttctggtagtcaagcacattcaggacctgctgtagatttagcaatttttagtttacacttagctggaatctcttcaattttaggggcagctaattttatcactacaattttaaatatgagatctagaggtatgacaatgcaccgtttaaatttatttttatgatctgttttaattacagcatatttattattactttctcttccagttttagctggaggtattacaatgttacttactgatagaaatttaggtacttctttttttgatccgttaggaggtggagacccagtattataccaacatttattt"
"3","OTU_14918","ttagtcgggaattgaaggacattcaggaccttctgtagattaggcaatatttagtctacatctttcaggagcagcatctctactaggtgctataaattttattactactgtatagaatatgcggtcacctggtatgagtatgcacagatagtcttagtttacttgggctatttttattacttcgtttcttttgcttttgtcacttcctgtactagctggggctattacaatgttgttgacagatagaaactttaatacaactttctttgatccagctggtggtggagatcctcttctttaccaacatttgttc"
"4","OTU_44","tctttcaagtggaacttctcattcaggtggagctgttgatctagctattttcagtttacatctttcaggagcttcatcaattctaggagcaattaattttatatgtaccatctttaacatgagggtaaaaagtttgtcattccataacttacctcttttcgtttgggctgttctaattacagctttcctactgttgttgtctttacctgtattagcaggagcaataacaatgctattgaccgatagaaatttcaacactactttcttcgatcctgctggaggaggagatcctgtgttgtatcaacatttattt"
"5","OTU_1382","tttaagtagaaatttagcgcacagaggtgcgtctgtagactttgtaattttttctttacatttagcgggtatttcttctttactaggtgcagtaaattttattagaactttgggaaacttacgtatttttggaatattatttgatcgcatgcctctgtttgcttggtcagttttaatcacggctattttattactgctttctttgccagtattagctggagcaattactatattattaacagatcgaaatttaaatagaactttttatgacgttgcaggaggaggagaccctgtactttatcaacatttattt"
"6","OTU_3688","attatcttcaaaagctggccagcctggtcctgcaatggacttagcaattctaagtttacacttagcgggagcttcttcaattttaggtgctgtgaattttatcactacaattttaaatatgagaacacccggaatgacattacataaaatgccattatttgcttggtcaattttagtaacagcatttttattattgttatctttaccagtgcttgctggtgcaataacgatgttattaactgatagaaattttggaaccgccttctttgaggctcaaactggtggagatccagttttattccagcatttattt"
"7","OTU_3009","gctatcctctaaagctggtcaaccaggtccagcaatggatttagcaattttaagtttacacttagcaggagcttcttcaattttaggtgcagttaactttataacaacaattttaaatatgagaacaccaggaatgacattacataagatgccattatttgcttggtcaattttagtaacagcatttttattattgttgtctttaccagtgcttgctggggcaataacaatgctattaactgacagaaattttggaaccgccttcttcgaggctcaaactggaggagatccagtcttattccagcatttattt"
"8","OTU_1033","cttatcaagcatacaagcccactcgggtgggtcggtagatatggctatatttagcctccatttagccggaatatcctcaatactgggtgctatgaattttattacaacaattataaatatgagagctccaggaattacaatggaccgagtgcctttatttgtgtggtctgttttagttactgccatattgttgttgctatcgttgccggtattggcgggagctataaccatgcttttgaccgatcgaaactttaatactgcgttctttgatccggcggggggtggtgatccaattttatatcaacatcttttc"
"9","OTU_1925","attagccagtgttcaagcacactcaggtccgtctgttgaccttgcaattttttcattgcacttagctggtgcttcttctattttaggagctgtaaatttcattacaactatcgttaacatgcgttgccctggtatgacaatgcaccgtcttccattattcgtatggtcggtgttaatcacagcagtgttgttgttgctttcgcttccagtgttagcaggagctattactatgttattgacagaccgtaattttaatacaactttctttgatccagctggaggaggtgaccctgtgttatatcagcaccttttc"
"10","OTU_1643","tttgagctctattcaaagtcattctggagcctctatagatttagctatattcagtttacatttatctggagcttcttctattttaggtgctattaattttatatctactattttaaatatgcgtaatccagggcaaactttatatagaatccctttatttgtatgatctatttttgtaacagcgtttttattattattagcggtgcctgtattagcaggagctattacaatgttattaactgatcgtaattttaatacatctttttttgacccagctgggggtggtgatcctgttttatatcaacatttattt"
"11","OTU_302","attatcaagtggaacatcacactctggaggtgctgttgatttagcaattttcagtttacacttgtcaggtgcgtcttcaattttaggagcaattaactttatttgtacaatttttaacatgcgtgttaaaagtttatcattccataaactacctttattcgtttgggctgttttaattacagcgtttttattattgttatcgttacctgtattagcaggtgcaattacaatgttattaacagaccgaaactttaatacaacattctttgatccagcaggtggaggtgaccctgtactataccaacacctattc"
"12","OTU_5944","tttcttctaatttaaaatatatatccataggttctatagatttaacaataatcgctactcttttttctggtataagcacaacactttctttaactaatttattaataaccagaagggttttaagtataccgggtttaaaaaacagaaaatcactattatcttttacaacaataactttatttttagtaatgaggatgttaagcttaattacacctgttttaacagcagcgatgttaatgttagttttagatagacactttaaaacctctttttttgattattcttatggcggggatgttattttatttaatcatttattt"
"13","OTU_223","gttatcgagtgttcaggctcactcaggtccatcggttgatttagcgattttcagtttacacttatctggagcttcttcgattttaggtgcgataaattttattacgacaatttttaatatgagagctcctggtttaactatgcatagattacctttatttgtttgggcagttttaattacagcttttttattattactatcgttgcctgtattagcgtcggctattactatgttattaactgatcgtaactttaatacaaccttttttgatcctgctggtggtggtgatcctgtactttaccagcatcttttt"
"14","OTU_1784","attaagaagaaacattgcacatgggggggcatcagttgatctggcaattttttctcttcatttagcagggatctcatctctactaggagcagttaattttatcagaactttaagtaatttacgtgcgatagggatgctaatagatcgaatacccttatttccttgagcagttttagtaactgctattttactattactttctttacccgtattagcaggcgccattactatacttttaactgaccgtaattttaactcgtctttttacgaccctagaggaggaggggaccccttattatatcaacacttattt"
"15","OTU_9793","tttatctagtattcaagctcactcaggaggttctgtagatttagctatctttagtcttcacttagctggtatttcttctattttaggagctattaactttattactactatctttaatatgcgaatgcctggaatgacattacaccgaatgcctttattcgtttggtctgtgttaattacagcgttccttcttcttctttcattacctgttttagctggtgcgattactatgcttttaacagaccgtaatttcaatactactttctttgatccagctggtggaggagatcctattttatatcaacacttattc"
"16","OTU_4706","tttaagtagtaatatagctcattcaggaggtgcagtagatttaagcatatttagtttacatattgcaggtgtatcttctatagctggtgctttaaattttattacaacattatttaatatgaaatctgaaggattactttttagtagattaggactatatccttgatcagttttaattacagcttttttattattattatctttaccagtacttgctggaggtattacaatgctattaactgatagaaattttaatactaatttttttgaaagtgaaggtggaggtgacccaatactttttcaacatttattt"
"17","OTU_4583","cctgagttcttatatttttcacggaggcgcatctgtggactttacaatttttagactccacttagctggagtttcttcgcttctaggggcagtgaactttattagaactgttttaaatttacgggcattaggaatgttaatagatcgtatacctttgttcccgtgagcggtatttattactgctattttgctccttttgtccctccctgttttagcaggcgccatcactatactattaacagaccggaatttaaacacgtctttctatgaccctataggtgggggggaccccgtcctttaccagcacttattt"
"18","OTU_1209","attaagcacttctttcatgagtttatcaccttcaagtacagcttatcttatctttggattattaatgtcaggtatatcctcatgtctcacatctcttaacttttggacaacaattctaaatctgagatcttattatctgacattaaagaccatgccattattcccttgggctctcttgttaacaggaggaatgcttttattaacattaccaatcttatcaggagctcttcttatggtcttggctgatcttcattctaatacacttttctttgatccaatctttggaggagatcctatattctatcaacagctattt"
"19","OTU_738","attatcaagttctcaagcacattcaggaccatcagttgatttagctatttttagtttacatttatcaggtattgcttcaattttaggagcaataaactttattacaacaatatgtaatatgcgatcacctggtatgacttttcatagattgcctttatttgtttggtctgttttaattacagctgtattattacttttatcattacctgttctagcagggggtattactatgttattaacagatagaaatttaaatacatctttttttgatccatctggtggaggggatcctattttatatcaacatttattt"
"20","OTU_6372","ctaagaagtattttagggcacggaggttcttcagtagattttagaattttttcactacaccttgcaggtgtgggcagaattcttagaagaattaattttatgacaactttttgaagttttcgaggaagtgatgttaattttgatagtgtgagactttttgtttgaagagttgtagtcacatcatttctattattatcttcactccccgttttagccggtggaattactatacttttattcgatcgaaatttgagaacttctttttatgacccctctggaggaggcgatcctgttttgtttcaacatttattt"
"21","OTU_3186","tcttgcaggaaataagtttcatagcggccctgctgtcgatatagcaattttttcacttcatttagccggggcaagttctattctgggttcaattaacttccttgtcacagcacgaacaacacgaaaacagggtataacaggtgagcgaatacctctatttgtatgatctttagtagtaacaactgtacttttacttctttctctacccgtcttagccggagcaattaccatgcttcttacagaccgaaactttaatacttcatttttccaccctgtaggtggaggggaccctattttatatcaacatttattt"
"22","OTU_13730","tttatcaggaattacagcacactcaggaggttctgttgatttagctatttttagtttacacctttcaggagcatcttctattttaggagcaataaattttatatgtactattacaaatatgagagctaaaagtcttgcttttcataaattacctttatttgcgtgggctatttttattaccgcgtttttactacttctttctttaccagtattagcaggagcaattactatgctattaactgatcgtaattttaatacaagtttttttgaccctgcgggaggtggtgatccagtactttatcagcatcttttc"
"23","OTU_3478","tatttctacaaccttgttacatccaggccctgcagtagactatggtatattcagtatgcatttagctggtgctgcttctattgcaggttcgattaattttttaacaacaattttttcaatgggagctaatggtttaaaacataatcgattacctttatttatttgatctgttgtttttacatctattttattagtattatctttgcctgtacttgctggagctattactatgcttttaacagatcgtaatttaaatacttcgttttttgaccccgagggtggaggtgatcctgtgttatttcaacatattttt"
"24","OTU_5986","tctttcaagtatacaaactcattcaggtggatcagtagatttagcaatattcagtctacattgtgcaggtgcctcttcaattatgggagctataaattttattactactatcattaatatgagagccccaggtatgactatggataaattacctttatttgtttgatcagttctagtaacagcagttctattattattatctttacctgtactagctggagctataactatgttattaacagatcgtaattttaatacaactttttttgatcctgctggaggaggtgatcctgttctataccaacatttattt"
"25","OTU_5717","tttatctggaatacaaagccacagtggacctagcgtagatttagccatatttagtttacacttagctggtattagtagtttattaggtgctatgaattttataacaactatattaaatatgagaacagcaggaactagattacacaaactatctttatttggatgggctgttgtcgtaacagcagttctattgttattatcattacctgtattagctgcggcaataactatggttttaactgatagaaattttaatacatctttctttgagatagctggtggaggtgaccctgttctttatcagcatcttttc"
"26","OTU_2605","tttgagttcaattactggccatagttctcctgcagtagatatggctattttttcacttcacttagctggagcttcctcaatattgggtgcagtgaacttcatcaccactattcttaatatgagagctcctggaatgacacttcataaaatgccattatttgcatgggctatgttagttaccgcttttcttcttcttttagctgttcctgttttgggtggagctatcactatgctacttactgaccgtaactttggaactacattttttgatcccgctggtggaggtgaccctgttcttttccaacaccttttc"
"27","OTU_1404","gttatcatctaaagctggacaaccaggtcctgcaatggattttgctattttgagtttacatttagctggagcttcttcaattttaggagcagttaattttattacaacaatattaaatatgagaactccagggatgactttgcataaaatgcctttatttgcttggtctattttagttacagcatttttattattattatcactaccagttttagcaggagcgattacgatgctattaacagatagaaattttggaactgcattctttgatgcgcaaactggaggagacccagttttatttcagcacttattt"
"28","OTU_9214","attaagtagtatacaagcacattcaggtgcttcagttgatttagcaatttttagtttacatattgcaggagcttcttctattttaggagctataaatttcatagttactattgtaaatatgagatgtcctggtatgactatgcacagattacctctatttgcttggtctatattaattactgctgtattattattattatcattacctgtattagcaggtgcaataactatgttattaactgatagaaatttaaatacaacattttatgaccctgctggaggaggagatcctattttatatcaacatttattt"
"29","OTU_6904","tttatcatctaaagctggacaaccaggtcctgcaatggatcttgcgattttaagtttacacttagcaggtgcttcatcaatcttaggtgcagttaactttataacgacaatattaaacatgagaactccaggcatgacattacataaaatgccgttatttgcttggtcagttttagttacagcgtttttactattattatctttaccagttttagcaggcgccattacgatgttgttaacagatagaaattttggaacagcattttttgaagcccagacaggtggagatccagtattataccaacatttattt"
"30","OTU_464","tttatcatctaaagctggacaaccaggacctgcaatggattttgcaattttaagtttacacttagcgggagcttcatcaattttaggtgcggttaattttatcactacaattttaaatatgagaaccccaggtatgactttgcataaaatgcctttatttgcttggtctattttggttacggcgttcttattattattatcattaccagttttagctggtgcaattacaatgctcttaacggatagaaattttggtactgccttttttgatgcgcaaacaggaggagatcctgtcctctttcaacatttattt"
"31","OTU_6119","tttgagtagtgttcaagcccattcaggtccttctgtggatttggctatttttagtcttcatttgtcaggggcagcatctattataggagcgattaatttcattacaacaattattaacatacgaccaggaggaatgggaatgcatcgtttgcctctttttgtatgggcagttttgctaaccgcaatcctattgttgctttctcttcctgtcttggctgggggtattactatgttgttgactgaccgaaattttaacactaccttttttgatcccgctggaggaggagaccctgttctttatcaacacctattt"
"32","OTU_1015","attgtcaggaatacaaagccatagcggtcctagtgtggacttagctatatttagtttacacttagcaggtataagtagtttattgggtgcaatgaacttcataacaactatactaaatatgcgtacagctggtacaagattacataagttatctttatttgggtgagctgttgttgtaacagcagttttgctattattatctttacctgtgttagcagcagctataactatggttttaacagacagaaattttaatacatcgttttttgaaatagcaggaggtggtgaccccatattataccaacatcttttc"
"33","OTU_7772","ttatccgatactccatatcatttaggtaatgcagtggatctttcaattctatcttagcatttagctggtataagctcattgatgggtgccatcaatttgattactactacgattaatatgcgatctcacacctatgagcaattaccattatttgtgtggagcgttttcattacagcctggttattattattatcattaccggtttaggctggtgccattacgatgctcttaactgaccgtaatttcaataccagtttctttgatccccagggtggtggtgatcccctcttatttcaacatttattt"
"34","OTU_6966","tttatcaagtgttgaattccattcaggaggttctgtagatttagctatttttagtttacatttagcaggtacttcttcaattttaggttcaattaatttcattactacagtaataaatatgagaacccctggattgaaaatgcatagaattccattatttgtttgagcgattttcgtaacagcattcctattattgttatctttaccagttttagcaggtgctatcactatgttattaactgatagaaactttaatacttcgttctttgatcctgcaggtggtggtgatccaattttatatcaacatctgttt"
"35","OTU_4419","attatcaagtgtacaagcccattcaggtccttcagtagatttagctatttttagtttacatttaacaggtatttcatcattattaggcgctattaattttatttcaacaatttataatatgagagctcctggtttaagttttcatagattacctttatttgtttggtctatattaattactgcatttcttttattattaactttacctgtattagctggggcaattactatgttattaacagatagaaatttaaatacttctttttacgatccatctggaggtggagatcctgtattatatcaacatttattt"
"36","OTU_1350","tttaagtagtgcgcaagcacactctggaccttcagtagatttagctatttttagtttacacttatcaggtgcagcttcaattttaggtgctattaattttattactactattttcaatatgagagctcctggaatgactatgcatagattacctctttatgtttgggctgttttagtaacttcttttttgcttttattatctttacctgttttaggtggtgctattaccatgcttttaactgatagaaattttaatactactttttttgatcctgctggaggaggagatccaattttattccaacatctattt"
"37","OTU_125","attaagtagtgttcaagcacactctgggccttcagttgacttagcaatctttagtcttcacttatcgggggctgcatcaattttaggagcaataaactttattactactatttttaatatgcgagcaccaggtatgacaatgcatagattaccactgtatgtttggtctattttaattacttcattccttttacttctttctttacctgtattaggaggagcaattactatgttattaactgatagaaattttaatacttcattctttgatccagctggtggaggtgatccaattttatttcaacatttattt"
"38","OTU_2718","cctaagttctattactggccatagttcacctgctgtggatatggcaattttctctctacaccttgcaggtgcatcatcaattctaggtgctgtcaactttataacaactattttcaatatgagagcccctggaatgactcttcataaaatgcccttatttgcatgggcaatgttagtaacagcatttcttttattattagctgtaccagttcttggtggtgcaattacaatgttgcttacagatagaaattttggaacaactttctttgaccccgcaggcggtggagatccagttttatttcaacacctcttt"
"39","OTU_927","tttatcatcgaaagctggtcaaccaggacctgcaatggactttgcaattttaagtttacacttggcaggagcttcatcaattttaggggcagttaactttattacaacaatcctaaatatgagaactccaggaatgacattgcataaaatgccactgtttgcttggtctattttggttacagcatttttattattactttcattaccagttttagcaggtgcaattacaatgcttttaactgacagaaattttggtaccgccttttttgatgcacaaacaggaggggatcccgtcctcttccagcatttattt"
"40","OTU_7496","tttatcatctacagctggtcaaccaggtcctgcaatggattttgcaattttaagtttacacttggctggagcttcctcaattttaggtgcggttaattttattacaacgatcttaaacatgagaacacctggcatgacattacacaaaatgccattatttgcttggtcaatactagtaactgctttcttattattattatcattaccagttttagctggagcaattacgatgcttcttacagatagaaactttggaacagctttctttgatgctcaaactggtggagacccagttctattccaacatttattt"
"41","OTU_11938","tttaagtggggagttagctcattctggtgttgctgtagatttaagtatttttagcttacatttagctggtgtatcttccatagcaggagctttaaattttataactactattttaaatatgagggtagaattattgtcatttaataaattaggtctatatgtttggtctgttttaataacggcttttttgttattgttatcgttacctgttttagctggttgtattactatgttattaacagacagaaattttggtaccactttttttgacagtattggtggtggtgatcctattttatttcagcacttattt"
"42","OTU_5219","attgtcaagtgttgaagcgcattccggcccttctgtagatctagcaatttttagtctacatttggcaggagcttcttcaattttgggggcaattaattttattactacaatttttaatataagaagtccgggaataactatacatcggttgcctcttttttgttgggctgttttgattacagcatttttgttgttgctatctttgccagttctagcaggagctattacgatattgctaactgatcgaaattttaacactactttttttgatcctgcagggggaggggatcctattttgtatcaacatcttttt"
"43","OTU_3269","tttgtcaagtgtagaagctcattctggcccaagtgtagatttggctatttttagtctacatgtatctggaatttcttctattctaggggctatcaattttattactactatttttaacatacgtagtccaggaataactatacataggctaccattgttttgttggtctgttttgattactgcgtttttgttgttgctatcattgcctgttttggctggtgcaattactatacttttgacagaccggaattttaacactactttttttgatcctgcaggaggaggtgaccctgttttgtatcaacacttgttt"
"44","OTU_14458","attgtcggcgacgctcgggcatccgggtatggctgtcgatatggcaatcttctcacttcatttggctggtgcaagttccattttgggcgcggcgaactttatcacaacaattttaaatatgcgcgcgccgggtatgacattacataaaatgcctttatttgtatggggtatgcttgttacatctttcttacttgttttagccgtccctgttttgggtggcgcgattacaatgcttctgactgatcgtaattttggtactagtttctttgttccagaaggtggtggtgaccctgttctttaccaacatttattc"
"45","OTU_2779","tttagctaacgcgttattccactcaggtccttcggtagatctagttatattcagtcttcatctagcaggtatttcatctatacttggtgcagctaactttataacaactatattcaacatgcgttgtaatggtatgacaatgtttaagctacctttgtttgtatggtcagtattagtaaccgcgtttttactacttttatcacttcctgttttagcaggagctattacaatggttttaactgatcgtcactttaatacaactttttttgatgcaaaaggtggaggtgatccagtattatatcaacacttattt"
"46","OTU_1752","attgtcaggtttggtatctcactctggtcctgctgttgacatagcaatcttcagtttacatgtagcaggtatttcttcaatcgctggtgctataaattttatagttactatttataacatgcgtttaagaggtatggatatgttaaagttgcctttattttgttgatcagtttttattacagcattcttattattgttatcattgcctgttttagctggtgctattactatgttactttttgatcgtaattttaacacatctttttttgatccatatgcaggtggtgatccagttttgtatcaacatcttttt"
"47","OTU_13487","attatcttcagtagaagctcactcaggacctgctgttgatttagctatttttagtttacatttagctggtgcttcatcaattttaggtgctattaattttattactactattttaaatatacgaacaaatggtataactatacattgcttaccattattctgctgggctgtattaattacagctgtattattgctactgtcattaccagttttagcaggtgctattactatattgcttactgatcgtaattttaatactgctttttttgatccagcaggtggtggtgaccctgtattataccaacatttattt"
"48","OTU_2202","cctttcaagcattacggcccactcgggaggatccatagatttagcgatttttagtctacatttatcaggggcttcttctattttaggagctataaacttcataactacgattaccaatatgcgaacaaaaaatcttgctttccatagattacctctgtttgcctgggctatttttataaccgcatttttattattactgtctttacctgtacttgcaggagccatcacaatgctcttaacagatcgaaattttaacactactttttttgaccctgcaggaggaggagatccggttctttatcaacatctgttt"
"49","OTU_2228","attaagaagaaacatcgcacatgggggggcatcagttgatctggcaattttttctcttcatttagcagggatctcatctctactaggagcagttaattttatcagaactttaagtaatttacgtgcgatagggatgctaatagatcgaatacccttatttccttgggcagttttagtaactgctattttactattactttctttacccgtattagcaggcgctattactatacttttaactgaccgtaattttaactcgtctttttacgaccccagaggaggaggagaccccttattatatcaacacttattt"
"50","OTU_6116","attagcaggaatccaagctcactcgggtggctctgtagacttagccatttttagcttgcaccttgcaggtatttcttctattttaggagcaatcaactttattgttactataatgaatatgaggtgtccgggtatgactgctcacagaacgccactattcgtatgagctgtgtttatcactgccttcttattgcttctatcgttacccgttttagctggtgcaattacaatgcttttaacagacagaaattttaacacttcattttttgatccaaatggtggtggagatcccgttctgtatcagcacctgttt"
"51","OTU_1077","tttatcaagcgttcaggctcactctggaccctctgtcgatttagctatttttagtcttcacttagcaggtgcttcatctattatgggagcagtgaactttattaccactatactaaatatgcgcgcacctggtatgactatgcatcgattacctttatttgtctgggcaatctttattacagtaattttattacttctttctctaccagtacttgccgcagcaattactatgttattaactgatcgtaactttaacactaccttttttgatccagccggaggaggagatcccgtgttatatcaacacttattt"
"52","OTU_5890","attatctggtgtaacaagtcatgcgggtccttctgttgatttagcaatttttagtttacatttagctggtatatcttctttattaggtgcgattaattttattactacaatagcaaatatgaaaagatgttattggcatcaattaccattatttgtttgggctgtatttataacagctattttattattattatcattacctgtattagctggtgctataacaatgcttttaactgatagaaattttaatactactttttttgatgcgtctggtggaggtgatcctatattgtatcaacatttattt"
"53","OTU_6992","tttatctagcaaccttgcccatgcaggcccttcagttgatatggcaattttctcccttcatttagcagggatttcctctattcttgcctcaattaattttatcacaactatcattaacatacgatcaaaaggattacatttagaacgtatccccctatttgtctgatctgtaaaaattacagtcatccttcttcttctctcccttcctgttcttgctggagcaattacaatactactaaccgaccgtaatatcaatacctcattctttgacccagcaggagggggggatcctattctataccaacaccttttc"
"54","OTU_581","tctttccggaaatggagcacacgggggaccatctgttgaccttgcaattttctcccttcaccttgcaggaatttcttctattttaggtgcactaaattttattacaactgttattaatatacgatgaaagggactccgtttagagcgaattccattattcgtatgagctgttgttattactgcagttcttcttctcctctcacttcccgtgctagctggagcaattactatacttttaacagaccgtaatttaaacacatccttcttcgaccctgcaggcggtggagatcctattttataccagcatttattc"
"55","OTU_6585","tttagcaggaaatatttcccacagagggccctcagtagacctagctattttctcgcttcatttagcaggtattagatctattttaggagctctaaacttcattaccactattatcaatatacggtttaacggtatacgtttagaacgagttcctctattcgtgtgatctgtaaaaatcacagcagtattattactactatcacttccagtactagcaggaggaattaccatacttctaacagaccgaaacttaaataccacattctttgaccctgctggaggaggagaccccgtactttatcagcatttattt"
"56","OTU_17","tttatcaagtattacagcacactcaggtggttctgttgatttagcaatttttagtttacatttatctggtgcttcatcaatattaggtgctatcaattttatttgtacaattttcaatatgcgtgtaaaaagtttatcttttcataaactaccattatttgtttggtcagttttaattaccgcgtttttattactattatcgttaccagttttagcaggagcaatcacaatgttattaacagatagaaactttaatacaactttttttgaccctgcaggtggaggcgatcctgtcttataccagcatttattc"
"57","OTU_256","tcttagctcaaatctgggacatccgggtatggcagtagatatggctattttctccctacatttggcgggagcatcgtctatattgggtgctattaattttatagcaactatttttaatatgagagctccaggcatgactttgtttaaaatgcctctttttgtatggtcaatattaataactgcattcttactaatattagcgctacctgttttaggtggagcaattactatgttgttaactgatagaaattttggcacacaattttttaatccagcaggtggaggtgatcctgtattatatcaacatttattc"
"58","OTU_4761","tctatcatctacagctggtcaaccaggtccagcaatggattttgcaattttaagtttacacctagctggagcctcttcaattttaggtgcagtaaactttattactacaattttaaacatgagaacacctggcatgacacttcataaaatgccattatttgcttggtcaatactagtaacagctttcttattattgttatcattaccagttttagcaggagcaattacgatgcttcttacagataggaattttggaacagctttctttgatgcacaaactggaggagatccagtactattccaacatttattt"
"59","OTU_2419","attatcaagtataaaaggtcattctggtggggctgttgatttagctatttttagtttacatctttctggggccgcttcaattttaggggcaattaactttatttgtaccataacaaacatgcgttctaaaagtttagcttttcacagattaacattgtttgtgtggtcaatttttataacagcttttttgttagtattgtcattacctgtttttgctggtgctttgactatgttgataacagacagaaattttaataccacgttttttgaacctgctggtggaggtgatccaattttgtaccaacatttattt"
"60","OTU_3021","tatgtcgagcacggctggaacgcctggtatgtcgatggaccttgcgattctatcgctccaccttgctggtgcgtcgtctatccttggtgcggcgaactttattacaacgatctttaatatgcgtaccccaggcatgacattacataaaatgccactttttgcatgggcaatgctgatcacagcgtttttgttattgctggctgttccggttcttgctggggcaatcacgatgctactgactgaccggaatttcggaacaaccttctttattcctgaaggcggcggcgaccctattttattcctgcacctgttc"
"61","OTU_1595","cttaaggagtcacttattccacggaggtccttctgtagacttcgccattttcagtctacatctagcgggggtatcttctctactgggggctattaacttcatcaccactattttaaacttacgggtattaggaatactactagaacgaatgcccctattcccttgagcggtgctagtgacggcagttctattacttctttcactccccgttttagctggggcaattactatattgttaaccgaccgtaaccttaacacttcgttctatgatccaataggagggggagacccaatcttgtatcaacatcttttt"
"62","OTU_1032","gttgtctagtggaagttctcattcaggaggtgctgtagatctagctatttttagtttgcatttgtcaggggcttcttcaattttaggagcaataaactttatttgtactatttttaacatgagagtaaaaagtttatcatttcataaaatgcctttatttgtatggtctgtcttaataactgcatttttacttttactttctttacctgttttagctggggctattactatgttattaactgataggaattttaatacaacattttttgaccctgctggaggaggtgaccccgttctttaccagcatttattt"
"63","OTU_1340","tttgagttccattactggacatagttctcctgctgttgatatggctattttttcacttcacttagctggagcatcttcaatattgggcgcagtaaactttattaccacaattctaaatatgagagcacctggtatgactcttcataaaatgcctttatttgcttggtctatgttagtaactgcttttcttcttcttttagctgttcccgtattaggtggagctattactatgcttttaactgatcgtaactttggaaccacatttttcgatccagccggtggaggagaccctgttcttttccaacaccttttc"
"64","OTU_1185","tctttctggcattcaaacgcattcgggaggggcggtcgacatggccatctttagccttcatttagcgggtgcgtcttctatattaggggcaatgaattttataacaaccatatttaatatgagagccccgggattaacgatggatagactcccactatttgtgtggtccattttaatcactgcctttttattattactttccctaccagttttagcgggtggaataaccatgcttttaacagataggaattttaatacgactttctttgacccagcagggggtggagaccccatcttattccaacatttattt"
"65","OTU_11632","gttagcttcaatccaagcacattctggaggttccgtagatttagctattttcagccttcatttagcaggtgtttcttctattttaggtgctataaattttatcgtaacgatattaaacatgagagtacctggaatgacagcacacagaacgccattgtttgtttgagctgttttcattacagctttcttattattactatctttaccggtactcgctggtgctataacaatgcttttaactgatagaaactttaatacttcatttttcgaccctgttggtggaggtgatcctgttctataccagcacctcttc"
"66","OTU_4819","tctatctgggccaattgctcatgggtctacgtctgtggatctagtaattttttcccttcacttggctgggatatcctctattttaggtgcgatcaattttattacaactattattaatatgcgatccccaggaattacttttgagcggctaagattatttgtttggtctgtgtttgtcacagcatttcttcttttactatctcttccagttctggcaggggctattactatacttttaactgatcgaaacttcaatacgagcttttttgacccagcagggggaggtgaccctattttgtatcagcacttattc"
"67","OTU_3334","attatctacaagtctttttcatccagatgaagcagtagattatcttattttttctttacatatagcaggtgcttcatcattattaggagctataaattttatagtaactatattaaatatgtcaacaatgtcttttttttttatgccattatttgcttgatcaattttagtaacagcttttttattacttttagcagttccagtattagcaggtgctttaacaatgcttttaactgatcgtaatttttcaacatgtttttttgaaccttatgcaggaggagatcctgttttatttcaacatttgttt"
"68","OTU_13954","gcttagtagtgctacttaccatcctggcatggccgttgatatgggtatcttcagtttgcacttagctggcgcttcgtcgattttaggtgcgattaatatgattgttacgatttttaacatgcgcgcacctggtatgactttccacaaaatgcctttgtatgtttggtcgatattgatcactgcattcctgcttgtgcttgcattgcctgtgcttgccggtgctatcacgatgcttttaactgaccgtaattttggcacttcatttttcaacccagctggcggtggcgatccaattttctggcagcatttgttc"
"69","OTU_9135","tttatcaggaataatgggtcattccggaggatctgtagatttagctattttcagtcttcacttatctggagcgtcttcaattttaggagctatcaattttatttgtactatattcaatatgagagtagatagtttaccgtttcataaattaccgctatttgtttggtcaatcctaattacagctgtgttattattgctatcattacctgtattagcaggagctattacaatgttattaactgatagaaattttaatactacttttttcaaccctgcaggtggaggagatcctgtattataccagcatttattt"
"70","OTU_6791","attatcttctacagtaggtcactctaatatgtctattgattttgtaatattaagttttcacattgtaggattgtcttctatattagcatctattaattttatctgtactattttattttttaaagatgaatccatgtatatgaataatattcctttatatgtttgatctgtatttgttacttcttttttattaattttagctatacctgttcttgcagcagctattacaatgctgtttttagatagaaattttaatacaagtttttttgatcctgttggtggaggagatttaattttataccaacatttattt"
"71","OTU_1794","tctttcttcttatttatttaaaagtgagcctagagtggattgctcaatttttgctcttcatttagctgggcttagatcaatttttggttctataaaattcctagctacaattgtaaaaaaaacagggcataagagtttgtttaaggtttcactcctttgttgatcaatcttagttacaggaattttgttggttacaacactacctgtgttagcaggggggataacaatgcttttagcggatcgtcattttaatacttctttttttgatcctgcaggagggggggatcctgttctttttcaacatattttt"
"72","OTU_6598","attaagttcaattatgagccactcgggaggttcagttgatttagcaatttttagtcttcacgtttcgggtgcaagtagtatccttggagcagtaaacttcattacaactatctttaacatgcgtggtcctggaatgacccttcaccgtatgccacttttcgtatgggctgttcttattacagcttttcttcttcttctttctctcccagtacttgctggagcaattacaatgttattaacagatcgtaactttaacacaaccttttttgatcctgctggaggaggtgatcctattctatttcaacaccttttt"
"73","OTU_5447","actgtctggaataatagctcactctggaggagctgttgatttagctatttttagcttgcatttatctggagcttcttcgattttaggagctataaactttatttgtactatttttaacatgagagtagatagtctgccatttcataaattgcctctattcgtatgggctgttttaattacagctgttttattgttactatctttaccagttttagcaggagctattactatgttattaactgatcgaaattttaacactactttctttaatcctgtaggaggaggagatcctgtgttgtatcagcatttattc"
"74","OTU_872","attaagcacttctttcttgagtttatcaccttcaagtacaggaaatcttatctttggattattaatctctggtgtatcctcatgtctcacatctcttaactttcaaacaacaattctaaatctgagatcttattatctgacattaaagactatgccattattcctttgggctctcttgatcacaggaggaatgcttttattaacattaccaatcttatcaggagcttttctaatggtcttggctgatcttcattctaatacacttttctttgatccaatctttggaggagatcctatattctatcaacacttattt"
"75","OTU_719","tctttcgagtgttttatctcactcaggaggttcagttgatttagcaatttttagtcttcacttatcaggagcagcttcgatcttaggtgcaattaattttatttgtactattgtaaacatgagaactgaaagtttaccatttcacaagcttcctctgtttgtttggtctgtttttattactgcaattttattactattgtcattacctgttttagcaggagcaattacaatgttattaactgatagaaatttcaacactactttctttgatcctgcaggtggaggagatcctgtacttttccaacacttattt"
"76","OTU_314","tttaagtgcagcacaagcacattcaggaccatcagtagatttagcaatttttagtctccatctttctggagcagcttcaattttaggtgctgttaattttattaccaccatctttaatatgagatctcctggtatgactatgcatagattacctctttatgtttgagcagttttagtaacttcatttttactattactatcattacctgttttaggtggtgcaattacaatgcttttaacagatcgtaattttaacacttcattttttgatccagcaggaggaggagatcctattttattccaacatttattt"
"77","OTU_2701","actaagtgcgattcaagctcactcaggtgcttctgttgatcttgcaatcttcagtcttcacttagcaggtatttcttctctgctaggtgctattaacttcattacaacaatcttcaacatgcgttgtcctggtatgttctattatagactacctctattcgtatgggcggttcttattactgcattccttcttctactatctcttcctgttcttgctggtggaattacgatgcttcttacagatcgtaacttcaatacaacattctttgatccagcaggtggaggtgacccaatcctataccagcacctgttc"
"78","OTU_3588","attgtctagtggcacagcacactcaggaggcgctgtggatttagcaatctttagtttgcatctttcaggagcttcttctattttaggagctattaattttatttgtacaatttttaatatgagagtaaaaagcttagcttttcataaattacctttatttgtatgggctgtgctgataacagcttttttattactattgtctttaccagttttagctggagcaattactatgttattgactgatagaaattttaatactactttttttgatcctgcaggtggaggtgatcctgttttatatcaacatttattt"
"79","OTU_5051","attgagcacttctttcatgagcttatcaccttcaagtacaggaaatcttatctttggattattaatctccggtatctcttcatgtctcacttcccttaacttttggataacaattcttaatctgagatcttattccttaacattaaagactatgccattattcctttgggctctcttgattactggaggaatgcttttattcactttaccagtcttatcaggatcccttctcatggtactctctgatcttcattctaatacacttttctttgatccaacctttggaggagatcctatattctatcaacatttattt"
"80","OTU_7383","attagcaggtattcaagctcattcgggtggagctgttgatttagctatttttagtttacatttagcaggtatatcttcaatattaggagctataaattttattgttacaataatgaatatgagagcacctggaatgactgcacatagagttcctttatttgtatgagctgtttttataacagcatttttattattattatcattacctgttttagcaggagctattacaatgctattaactgatagaaattttaatacatctttttttgatcctaatggtggtggagaccctattctttatcaacacttgttt"
"81","OTU_4056","tctatcaagaaatttagggcattcaggatcttcacttgattttgctattttttcacttcatttggctggtgtaagctcaattttaggagccttaaaatttatcactacagtgataaattttaaggctttacttgggtgaaatcaaattcctttgtttgtttgaagggtttttattacagcttatctactacttctttcacttcctgttttggctggggggttaactatgcttttaacagatcgtaattttaaaacctctttttttgacccagcaggaggaggggatcctattttatttcaacatattttc"
"82","OTU_884","attatctagtgcgcaagcacattcaggtcctgctgttgatttagcaatatttagtttacacttggctggtatagcttcaattttaggtgcaattaattttattactacgatttgtaatatgcgtgcacctggtatgacttttcatagattaccgttatttgtttggtctgttttaattacagctgttttattattattatctttacctgtattagccggagctattacaatgttactaacagatcgtaacttaaatacttcatttttcgatccgtctggtggaggtgatcctgttttatatcaacatttattt"
"83","OTU_9504","gttatccgccgcattagcccattcgggaccaagtgtagatatggctatttttagtttacatattgctggtttatcttctttatttggagcaataaactttttaacaactatcataaatatgagagtacccggtatggcatggcacaaaactcctctttttgtttggtcagtttttattactgctttccttttgttgttatcattaccagtcttagctgctgcaataactatgttattgactgattgaaattttaatacttctttttttgatccagtaggtggtggagatcccattttgtaccagcaccttttt"
"84","OTU_6887","attatctagtgtacaaagtcacagtggaccgagcgttgatcttgcaatatttgcattacacttatcgggtattagtagtttattaggagcaatgaattttataacaacaatcttgaacatgagaagtcctggtattagactacataaattagctttatttggatgagcagttgtagttacagccgtattattattattatcactacctgtattagcaggtggaattactatgttattgacagatagaaacttcaatacttcatttttcgaagctgcaggtggaggagatcctatattataccaacatttattc"
"85","OTU_6538","actaagtagcattgcaagtcactcaggagggtcagtagatttagctattttcagtttgcacttatcaggtataagtagtatattaggagctataaactttataaccactatttttaatatgcgtggtccaggtatgacaatgcatcgtctgcctttatttgtttggtcagttttaattacagcattcttgttattgttgtcacttcctgtcctagccggtggaattaccatgttattaacagaccgaaactttaacactacattttttgaccctgcaggtggaggagaccccatcttatttcaacacttgttt"
"86","OTU_2466","tctatctacaatgggacaacctgggcctgcgatggacttagcaatattatctcttcacatcgccggtgcatcctcaattcttggagcaatcaatttcatcacaactattctgaatatgagaacaccaggtatgacgatgcacaagatgcctctctttgtgtggtctgttttagtaacagctttcctacttctactatcacttccagtcttagctggtgcaattactatgttacttacagacagaaattttggaactactttcttcgatcctgctggtggtggagacccaatattgttccagcacttgttc"
"87","OTU_859","tttatcaagtattcaagctcattcaggcccgtctgttgatttagctatttttagtttacacattgctggtgcatcatctattttaggagcagctaattttattactacgattttaaatatacgtgcgccaggtataggaatacatcaaattcctttatttgtctggtcagttttaattactgcagttttgttactattatctcttcctgtattagcaggtgctattacaatgcttttaactgatcgtaattttaatacaactttttttgatcctgctggtggtggtgatcctgttttatatcaacatttattt"
"88","OTU_11722","attatctaattcattttataattcgagtgcatcagttgatttagttatttttagtttacatttagctgggatatcttcaattgcaggagctataaattttattacaactattattaatatgagatgtcctaatatgacatgagataaagttcctttatttgtatgatcaatatttattactgctattttattattattatcattacctgtattagctgcagcaattacaatgttattaacagatagaaattttggaacaacattttttgatccaattggaggaggagatcctattttatatcaacatttattt"
"89","OTU_2489","gttatcgagtggtacttcgcattcaggaggcgctgttgacttagcaatttttagtttacatttatcaggagcttcatcaattttaggagctattaactttatatgtactatttttaatatgcgtgttaaaagtttgtcttttcataaactgcctttatttgtttgggctgttttaataactgcttttttattgttactatctttacctgtattagcaggagcaattacaatgttgttaactgatagaaattttaacacaacattttttgatccagcaggtggtggtgatcctgttttatatcaacatttattt"
"90","OTU_4787","attaagtagtatcagtgctcacccggggggtgctgttgatttagctattttcagtcttcacgtttcaggggcatcgtctatacttggtgctgttaattttattactacgatttttaacatgagatgtcctggtatgacaatgcacagagtacctttatttgtatgggctgtattaattacagcatttttgttattattatcgttacctgtattagctggtgctattacaatgctattatgtgatcgtaactttaatactaccttttttgacccctctggtggtggagatccagtattataccaacacttattt"
"91","OTU_6718","tttaagctcaattcaggcgcattctggtggatctgtcgatttagccattttcagtttgcatatagcgggcgcttcatcgatattaggtgcaattaattttattgttacagttttgaatatgagaacgcctggcatgaccatgcataaaatacctttatttgtttgagcagttttcgttacagctattcttttacttttatctttaccagttttagctgctggcataactatgctattaactgaccgtaactttaatactacgttttttgatccagcaggtggcggtgaccctatattgtaccagcatattttt"
"92","OTU_4913","actttcaggtataacagctcattcaggaggttctgtggatttagctatttttagtctgcacctttcaggagcgtcttctattttaggagctatcaatttcatatgtactataacaaatatgagagcaaaaaatcttgcttttcataaattacctctattcgcttggtctatttttataactgcatttttactattactttctttacctgtattagctggtgcaataacaatgttattaacagatcgtaattttaatacaactttttttgatcctgcaggaggaggtgatccagtactttaccagcaccttttc"
"93","OTU_3710","tttgagttccattactgggcatggttctcctgctgttgatatggctattttttcacttcacttagctggagcttcttcaatattgggcgcagtgaactttattactacaattctaaatatgagagcacctggtatgactcttcataaaatgcctttatttgcttggtctatgttagtaactgcttttcttcttcttttagccgttcccgtattaggcggagctattactatgcttttaactgatcgcaactttggaaccacatttttcgatccagccggtggaggagaccctgttcttttccagcaccttttc"
"94","OTU_6575","tttaagctcaatacaaagtcactcaggtggtgctgtagacttagcaatttttagccttcatttatcaggagcatcatctattttgggagcaatcaattttatttccacaattttgaatatgcgcaatccaggtcaaagtatgtatagaatgccgctatttgtctgatccatttttgtgacagcgtttttattgttattagctgttccagttttagcaggagcaattacaatgcttttaaccgaccgtaacttcaatacctctttttttgatccagcaggtggaggagatcctgttttatatcaacatttattc"
"95","OTU_6407","tttatcaggaattgcagcgcattctggtccatcagtagatttagccattttcagtttacatttagctggagcttcatctattttaggtgcaattaattttataactacaattttcaacatgcgagcgcctggaatgaaattacataaaatgccgttatttgtatgatctgtattaattacagcatttttattattgttatcattaccagttcttgcaggagctattactatgcttttaaccgatcgtaattttaatacaacatttttcgatccagcaggggggggagatcctgtattatatcaacatttattt"
"96","OTU_756","tttatcatctaaagctggacaaccaggacctgcaatggattttgcaattttaagtttacacttagcgggagcttcatcaattttaggtgcggttaattttattactacaatcttaaatatgagaaccccaggtatgacactgcataaaatgccattatttgcttggtctattttggttacagcgttcttattattgttatcattaccagttttagctggtgcaattacaatgctcttaacggatagaaattttggtactgccttttttgatgcgcaaacaggaggagatcctgtcctctttcaacatttattt"
"97","OTU_11915","attgtctgggattgaaggtcatccaggggcatctgtagatttagcaatatttagtttacatttagcaggtgcatcttcaattatgggtgcaataaattttatatgtacaatatctaatatgagagctcgtggttattatatgcaagaacaaactttatttgtttgatcagtatttattacggcatttttacttttattatctttaccagtacttgctggtgcaattactatgttactaacagatcgtaattttaatacatcattttttagttatagaggcggtggagaccctgtcttatatcaacatttattt"
"98","OTU_5313","tctaagcagctccggacaaccaggtaaagcagttgatttagcgattttttctttacacatggctggagcatcatcaattttgggggctattaattttattgctactatattaaatatgagagctcccggtatgacctttttaaaaatgccactttttgtatggtcaattttagttacagcattcttaattatacttgcaatgccagttctagcaggcgctattactatgcttttaactgataggaattttggcactaatttttttaatccagctggaggtggtgatcctattctttttcaacatttattt"
"99","OTU_2359","attgtcaagtgttacagcacattcaggaggcgccgtagatttagcaatctttagtttacacgtatcgggagcttcttcgattttaggtgctataaattttatttgtactatcttcaatatgcgagtaaaaagtttatcatttcataaattacctttatttgtatgggcagttttaattacggcctttttattactattatcattaccagtccttgctggagcgatcactatgcttttgacggatcgaaatttcaacactactttctttgacccagcagggggtggagatccagtgttataccagcacctattc"
"100","OTU_748","tcttgctagcattcagttccactctggtggtgctgtagattgtgcaatctttgctcttcacgtagcaggagcttcttctattcttggagctattaacttcattactactgtaatgaacatgcgagctccaggtattagtcttcaccgaatgcctctattcgtatgaagtatccttgtaactgtagttttacttcttttagcggtacctgttcttgctggtgcaattactatgctactaactgaccgaaactttaacactactttctttgaccctgctgggggaggagatccagtattataccaacacttattc"
"101","OTU_662","tttatctgggaatttagctcatgctgggggctctgtcgatctagctattttttctttacacttagctggtgtttcatctattttaggtgctgtaaattttattactactattgttaatatacgatgacgagggatacaatttgagcgtttacctttatttgtttggtctgttaaaattacagccattcttcttttactatctttacctgttctggctggggctattacgatgcttttaacagatcgtaattttaacactgctttctttgacccagcaggaggtggggatcctattctttatcagcatttattt"
"102","OTU_11385","tttagcttcttttgaaggtgatggtgttgatttagctatttttagtttacatttagctggtgttgcttctttattaggttctattaattttataacaacaatatttaacatgagagttgctggtatgaatatgcatttattaccattatttatttgagctatgttattaactgcatttttattagttttttcattaccggtttttgctgctgctattactatgttattaactgatcgtaattttaacacaagtttttattctcctgctggtggtggtgatcctattttatatcaacatttattt"
"103","OTU_9998","attatcatctaaagctggtcaaccagggcctgcaatggactttgctattttaagtttacacttagcgggtgcttcatctattttaggagcagttaactttattactaccattttaaatatgagaacacctggaatgacgttgcataaaatgcctttatttgcttggtcagtactagttacagctttcttacttttattatctttaccagttttagcaggagcaatcacaatgcttttaacagatagaaattttggtactgctttttttgatgcacaaacaggtggagacccagtcttataccaacatttattt"
"104","OTU_4903","tttatcaggtattactgctcactcaggtggttcagtagatttagcaatttttagcttacacctgtcaggtgctgcttctattttaggagctattaactttatctgtaccattactaacatgagagctaaaagtttaccatttcacagattgcctttatttgcttgggcaatttacattactgcgtttttattactattatctcttccagtattagcaggtgctattactatgttattaactgatagaaactttaatactactttttttgatcctgctggtggtggagatcctgtattatatcagcatttattt"
"105","OTU_4859","tttatcatctaaagctggtcaaccaggacctgcaatggactttgcgattttaagtttacacttagcaggagcttcatcaattttaggtgcagtaaattttattacaacaatcttaaatatgagaactccaggaatgacactgcataaaatgcctttatttgcatggtctattttagttacagcattcttattattactgtcactaccagttttagcaggcgcaatcacaatgctattaactgacagaaattttggtacagccttttttgatgcacaaacaggaggggatccagtcctctttcaacatttattt"
"106","OTU_4533","actttcaggctctgcgggttcaccaggtatgggaatggacttagcaatattttcacttcatctggctggtgcatcttcaatattaggagctgccaattttatcacaacaatttttaatatgcgtgcgcctgggatgacacttcataaaatgccattgtttgtttggtccatgttagttacagttttcttattgttattagccatacctgtattagcaggcgcaataacaatgcttcttacagatagaaactttggaacaagcttctttattccagaaggtggtggagatccaattttatttttacatttattt"
"107","OTU_3730","attatcaggaattgaagcgcattcaggagcatcagtagatttagcaatctttagtttacatttagcgggtgcagcatcaattatgggtgcaatcaattttattacaacaatattaaatatgcgtgtagaaggtatgcctttttatagattgccattatttgtatggtcagtatatattacagcatggttattattgttaacattaccagtattggcagcagggataacaatgttgttaacagatagaaattttaatacaacattctttgatgcagcaggtggaggtgatccaatattatatcaacatttattt"
"108","OTU_9221","attatcaagtattcaagcacattctggtggatcagttgatttagctatttttagtttacatttagctggtgtttcatcattattaggtgctattaattttattacaactatatttaatatgcgttcgcctcatttagaaatgcataaaattcctttatttgtgtgggcaattttaattactgcatttttattattattatcgttaccagtattagcaggtgcaattactatgttattaacagatcgtaattttaatactactttttttgatcctgcaggaggaggtgatcctattttatatcaacatttattt"
"109","OTU_13948","tctatctggaagcgaagcgcattctggcggctccgtcgatctagctatatttagtcttcatttagctggtatttcttctattgctggagcaataaactttataactacgatgttaaatatgaaatttctcggcggaacgctgcaccgacttcccttattttgttgatctgttttgattactgcagttttgcttcttttatctcttccagttttggcaggagccataacaatgcttttaacggatagaaatttgaacacaacattttttaattttgctggtggtggcgatcctgtactatatcaacatctattt"
"110","OTU_7182","attatcaagtattgaagcgcattcaggtgcatctgttgatttagcgatctttagtttgcatattgcgggtgtttcttctattttaggttctattaatatgatcacgacagttatgaatatgagagctcctggtatttatatgtcaaacttaccattatttgtgtgggcaatctatattacagcgtggttactattattatcattacctgtttttgcaggtggtattacaatgttacttacagatcgaaactttaatactacattctttgatcctgctggtggtggtgaccctgtgttataccagcacttgttt"
"111","OTU_9805","tttatctggaattcaggcgcattcaggaggttctgtagatttagctatatttagtttacatttagcaggagcttcttcattattaggtgctattaattttattacaactgtatttaatatgcgttcacctaagttagaaatgcataaattacctttatttgtttgagcagtattaataacagcatttttattattgttatcattacctgtattagcaggtgcaattactatgcttttaacagatagaaattttaatactactttttttgatccagcaggtggcggagatcctatattatatcaacatttattt"
"112","OTU_4073","tctatcaggtcctcaaactcattcaggagggtcagtcgatatggctatatttagtctacattgtgctggtgcctcatcaattatgggggctataaactttattaccaccatttttaacatgagagcacccggtttaacattagataaattacctttatttgtttgatcagttttgataacagctttcctattattattatctttaccagtactagctggagcaataacaatgttattaacagatcgtaattttaatacaactttctttgatcctgcaggaggaggagatcctgtactttaccaacatttattc"
"113","OTU_3445","attatcaagcttagaagggcattcaggtacttcagtagaccttgttattttaagtttacaccttgccggtatttcttctttactaggtgctataaactttataacaactattataaacatgagacctacaaaattaggtatgcatatgctacccctttttgtttggtcaattttaattacagccgttttactattattatcggtaccagttcttgctggagcgattactatgctattaaccgatagaaactttaatacaaacttttttgatcccgcgggaggtggtgatccagtattattccaacaccttttt"
"114","OTU_9577","attatcaggaatacaaagtcatagtggtccaagtgtagatttagctatttttgccttacatttatcaggaataagttctatgttaggagctatgaatttcattactacaatattaaatatgagagctccaggtataaatttacataaagtaactttatttggatgagctacagtgattactgccgtattacttttattatctttaccagtattagctggagctattacaatgctattaacagatagaaatttcaatacttcattctttgaagtagctggaggaggagatccgatattattccaacatcttttc"
"115","OTU_1483","tttatcatcgaaagcaggtcagcctggaccagcaatggatttagcaattttgagtttacacttagcaggggcttcatcgattttaggagcagtaaactttataacaacaattttaaatatgagaactccaggtatgacattacataagatgcctttgtttgcatggtcaatcttagtcacagctttcttattattgttatcgttaccagttctagctggagcaattacaatgttattaacagacagaaactttggaaccgccttttttgaggcgcagaccggaggagatccagttctgtttcaacatttgttt"
"116","OTU_6363","tttaagtgcaattgcttctgatgcgtctgtggactttgctatttttagtttacatttagcaggtatttcttctattttaggtgccataaatttcattgtaactatatttaatatgagggtaccaggtatgaaaatgaatttaataccgttgttcacttgagcggtattaattacagcttttcttttattaatttctttaccagtactggcagctggtataactatgcttttaactgacaggaactttaatagtgctttctttaatccatcaggggggggagatcctattttatttcagcatcttttc"
"117","OTU_7086","attaagtagtataccgagccattctggtggtgctgttgatttagctatttttagcttacacatagcaggggcctcatctattctaggagcaattaattttattactactataataaacatgcgaacaccaggtatgactatggacagaatgcctctatttgtttgggctatacttattacagctattttattgttattaagtttaccggttttagctggcgcaataacaatgctattaacagatagaaacttcaatacatcattctttgatgctgctggaggaggtgatccaatcctttatcaacatttattt"
"118","OTU_12525","attaagtagtacgcaaggacatccaggaggggcagttgactatggtattttttcattacacgttgctggtgtttcaagtattcttggagctataaattttattacaacaatttttaatatgagaactcctggaatgacgatgcatcgtctacccttgtttgtttgggctgtcttaataacggcatttttgcttttattatctcttcctgtttttgcaggcgcaattacaatgttgctaacagatcgaaactttaacactgctttttttgatgcatcttgtggtggtgaccctgttttataccaacatttattt"
"119","OTU_2704","tttatcttctaaagcaggtcagccaggtccggcgatggatttagcaatttttagtttgcacctagcaggagcctcttcaatacttggtgccattaactttattactacaattttcaatatgagagctccaggaatgactatgcataaaatgccattatttgtttggtctatgttagtgactgcatttttactgcttctttcattacccgttcttgctggagctataacgatgttgctgacagatagaaactttggaacttctttttttaatcctcaaggtggcggagatccagttttatttcaacatttgttt"
"120","OTU_5193","tcttgccggcattcaggcgcattcaggtggttctgtagatttagctatttttagtttacacgtagcaggagtatcttcaattcttggtgctgttaattttattgtaacaattatgaatatgagagcacctggtatgactgctcatagaacaccattatttgtttgagccgttttcataactgcttttttacttttattatctttaccggttttagcaggtgcaataactatgctactaactgatagaaactttaatactgctttttttgatcctagtggtggaggtgaccctgtgttatatcaacatttattt"
"121","OTU_2042","tttatcaagtgcaacagcccattctgggggttctgtagatttagcaatattcagtttgcatttatcaggtgcatcttctattttaggtgctattaattttatttgtactatctttaatatgcgagtaaaaagtttatcttttcataatcttcctttatttgtgtggtctgttttaataacagcatttttgttattattgtctctgcctgttttagctggagctattacaatgttattaaccgatagaaattttaacactacctttttcgatcctgctggtggaggcgaccctgttttgtttcagcatcttttc"
"122","OTU_1659","gctttctacaacagctcaaccaggcccagcgatggatttagcaatattaagtttacacgtggctggtgcttcttcaattttaggagcaattaatttcattactacaatatttaacatgagagctcctgggatgactttacacaaaatgccattgttcgtatggtcaatgctaattacggcattcttattattacttgctgtcccagtattagctggcggtattacaatgttattaactgatagaaattttgggactgctttctttaatcctgaaggtggtggggatccaattttattccagcatttattt"
"123","OTU_4099","tttagcaggaatttctgcacattctgggccttctattgatttagctatttttagtttacatttagcaggtgctagttctattttaggagcttctaattttattacaacaatttttaatatgagaactccaggtatgtatttacataaaatgcctctttttgtatgggcagttttaattacagcttttttattattactttcattacctgtttttgcaggagctattacaatgcttttaacagatcgtaattttaatacaactttttttgatcctgctggtgggggagatcctgttttatatcagcatttattt"
"124","OTU_1859","actttcaagtgttttatctcactctggaggttctgttgatctagcgattttcagtcttcacttatcaggagcagcttcaattttaggtgcaattaattttatttgtactattgtaaatatgcgaactgaaagtttaccattccataagcttcctttattcgtttgggctgtttttattactgctattttattattattatcgttacctgttttagctggtgcaattacaatgttattaacagatagaaattttaatactactttctttgatcctgcaggtggaggagatcctgtacttttccagcatttattc"
"125","OTU_839","tttaagtggagtatttgcacattcaggagcatcagtagattgcgctattttttctttacatttggctggagtttcgtcaattgctggtgcaattaatttcattgtaacaatttataatatgcgatgtagaggtatgagttttagtagattacctttatttgtttgaactgtttgagtaacagctttcttattattattatctttacctgttttagcaggagctattactatgttattaacagataggaatttaaatacaactttttttgattcagctggtggtggagatccagtgttatatcaacatctgttt"
"126","OTU_6243","cttaagtaatatccaaggacaccctggtgctgccgtagattttggtattttttcgttgcatgtagcaggagcatctagtattttaggtgctataaattttataacaactatatttaatatgagagctcctggaatgtctatgcatagattaccattatttgtatggtcaatattaatcactgcctttttattgttattatcattaccagtttttgcaggggcaataacaatgctattaacagatagacaattcaatactacattttttgatgccggttcgggaggtgatcctgtactatatcaacacctgttt"
"127","OTU_2912","tttagctattgtcgaaagtaaaggtgttgattttgcaatttttagtatacatttagctggtgtatcatctttattaggtgctataaattttataacaacaattataaatatgcgtcatgttggtttaaatatgcatattgtacctttatttgtatgagctgtattaataactgcaatattattattattatcattaccagttttagctggtgctgtaactatgttattaactgatagaaattttaatactacattttataatccatcaggtggtggtgatccggtcttatatcaacatcttttt"
"128","OTU_4949","tttatcagctttagaaggtttaggtgtggattttgcaatatttagtttacatattgcaggtatatcatcattaatgggtgctataaattttattactacaataataataatgagaatgcccggtcaagtgttacatttcatcccattatttgtatgggctttgggggtaacagcggtattattattgttatcattacctgttttagcggcagcaataactatgttattagcagatagacattttaatactagtttttttgatgtttctggtggtggtgatccattgttatatcaacatttattt"
"129","OTU_9059","tctttcaggtattattgctcactcaggtggtgctgtagatttagcaatcttcagtcttcacttatcaggagctgcatcgattttaggtgcaattaattttatttgtactgtcgttaatatgagaaccgaaagccttcctttccacaaattaccattatttgtttgggcagtttttcttaccgcaatcttactattattatctttaccagttttagcaggtgctattaccatgttattaactgatagaaattttaatactacattttttgaccctgctgggggaggtgatcctgtattgtaccagcatttattc"
"130","OTU_1083","tttatcttcatcactagcccacagaggaccttcagtggatctgaccattttttcgcttcacctagcaggtatttcttcaattttaggagcaattaactttattagtacttctgtaaatgcgcgtagatccttaatagaatttatacgtttgcctttacttgtaatcgcaatcgcaattacagctatccttttactattatctctacctgtattagctggtgctattactatactcttgacggaccggaacttgaatacatcctttttcgacccaagaggagggggagaccctattttataccaacatttattt"
"131","OTU_1474","attaagtagcattagtgctcacccaggtggtgcagtagatttagcaatttttagtttacacgtttcaggtgcatcttcaatacttggggctgtcaactttattacgacaatcttcaatatgagatgtccaggtatgacaatgcatagagttccattatttgtatgggcagtattgattacagcgtttttgttattattatcattacctgttctggcaggtgctattacaatgttactttgtgatcgaaattttaacactacgttttttgatccttcaggtggaggggatcctgtattgtaccaacatttattc"
"132","OTU_7816","attaagtggtgcacaagctcattcaggaccttctgtggatttagcaatttttagtttacacttatctggggctgcttctattttaggtgcaattaattttattacaactatttttaacatgcgtgcaccagggttaactatgcatagattgccattatttgtttggtctgttttagtaacagcttttttattattactttcattacctgtatttgcaggagcgattacaatgctattaaccgatcgaaattttaatacgtctttttttgatccagcaggtggaggagatccagttttataccaacatttattt"
"133","OTU_6223","tctgagaagaaatattgctcacgctggagcttctgttgattttgcaattttttctcttcacttagccggaatctcttctcttcttggggcggtgaattttattaccactctaggtaatttgcgagcctacggaatagggttagacaatattcccttatttgcctgatctgttttaattactacagttttactattgttggctttgcccgttttagcaggggcagtaaccatgcttttgactgaccgaaatctaaatacggctttttttgacgttaggggcggtggggaccctgtactctatcaacatttattt"
"134","OTU_3726","gttatcttctaaagttggacaacctggccctgccatggattttgcgattttaagtttacacttggctggagcatcttcgatactaggtgctgttaattttataacaacaatattaaatatgagaactccaggtatgacattacataaaatgccattattcgcttggtcaattttagttactgcctttttattgcttttatctttaccagtattagctggagctataacaatgcttttaacagatagaaattttggcacggccttttttgaagctcaaacaggaggtgatcctgtattgttccaacatttattt"
"135","OTU_1027","tttagcaggaatccaggctcattcaggaggatctgtagacttggctatttttagcttacatctagcaggtatttcatcgattttaggggcaattaatttcattgtgactataatgaatatgagatgtcctgggatgaccgctcataggacgccattattcgtatgagctgtgtttattactgcttttttattgctactatcattgcctgtcttggccggtgctattacaatgcttttaacagatcgaaactttaacacatcattttttgacccgaatggtggcggtgatcctgttctttaccagcatttgttc"
"136","OTU_4876","tttgtctggtgtagaggcccactcgggccctagtgtagatctagcaatttttagccttcatcttgcgggagcttcgtctattttgggggcaattaattttattactactatttttaatatgcgtagcccgggtttgactatgcaccggctacctttgttttgttgggctgttctgattacagctttcttgctgctgctttctttgcctgtgttggcgggagcaattacaatgttgcttactgatcggaactttaacacaactttttttgacccggcaggaggaggtgacccagttctttatcaacacttgttt"
"137","OTU_3694","tctttctagtgtagctgcacactcaggaccttctgtggatttagctatttttagcttacacctagcaggagcctcttctattttaggagcagttaacttcattactactattattaacatgcgtccaccaggacttacaatgcatgagttacctctgttcgtatgggctgtattaattactgctgtactactactactatcactaccagttcttgctggagcgattacaatgttactaacagaccgtaactttaatacaactttcttcgacccagcagggggaggagatccgattttataccagcacttattc"
"138","OTU_242","tctttctggggtcttatctcattcaggaggttcagttgatttggctatttttagccttcatttatctggagcagcttccattttaggtgctatcaatttcatttgtaccattgtaaatatgagaactgaaagcttgcccttccacaaacttccactttttgtttgggctgttttcataacagctattttattattgttatctttgcctgtacttgcaggagcaattacaatgttattaactgatagaaattttaataccacattttttgatcctgctggtggcggtgatcctgttcttttccaacatttgttt"
"139","OTU_3407","tttatcttcaactcttggccattcttctcctgcggttgatatggcaatattagctcttcacttagctggagcttcttcaatattaggagcaattaattttattactactatttttaatatgcgtgctcctggcatgaccttacataaaatgccattatttgtatggtccatattagttacagtatttttattagttttatcacttccagttttggctggagccataacaatgttgttaacagatagaaattttggaacagcattttttgctccagagttaggtggagacccaatattattccagcatttattt"
"140","OTU_720","attaagtagtgttcaggcacactcaggaccttcagtagatttagcaatctttagtctacacttatcaggagcagcttctattttaggtgctattaattttattactaccatttttaacatgagagctccaggtatgactatgcatagattacctttatatgtttggtctattttaatcacctcatttttattattattatctttaccagtgttagcaggtgcgattacaatgcttttaactgatagaaattttaatactaccttctttgatccagctggaggaggagatccagtattatatcaacatttattc"
"141","OTU_6362","attagcatcaattcaagcacattcaggaccatcaatagatttagcaatattttcattacacgtaagtggagcaggatctattttaggagcttcaaattttattacaacaattttaaatatgagaagtccaggtcaaacattagatagaataacgttatttacatgagctattttaataacagcaatattattattattatcattaccagtatttgcatcagcaataacaatgttattatttgatagaaattttaatacatcattttttgatccagctggtggaggagatccagtactttaccaacatttattt"
"142","OTU_9387","tttatctagtatcatagctcattctgggcctgctgttgatttaggtattttcagtttacatttagctggtgcatcgtcaattatgggagctaataattttattactactattattaacatgcgaggtcctggtatgacatggcatcgattaccattatttgtatggtctgtatttattacagctatcttattacttttatctttacctgttttagccggtgcgattactatgcttttaactgatcgtaattttaacacaacattctttgaccctgctggtggtggagatcctatcttattccagcatttattc"
"143","OTU_9302","tctttcaagtgttcaagctcactctggaccttctgttgatttagctatttttagtttacacctttctggggcatcttctattttaggagcaattaatttcattactactatttttaatatgagatctcctggtctaactatgcaccgtttacctctttttgtttgggcagtattaattactgcatttttattacttttatcattaccagttttagctggagcaattaccatgctacttactgatcgtaattttaatactgcattttttgatcctgcaggtggtggagatccagttctatatcagcatttattt"
"144","OTU_1952","tctttcaggaaacttattccactccgggccttcagttgacctagctattttctctcttcatttagctggtgtctcctccattttaggtgccctaaactttatcaccaccgttctaaacatgcgtgtagagggacttcgaatggagcgaataccactctttgtatgagctgtttttattacggctattcttcttcttctttccctgcctgttctagctgggggtattacaatgcttttaacagatcgaaatatcaacacaacattctttgatccagcagggggtggggacccggtcctataccaacacctcttt"
"145","OTU_4581","actttcagggattttagcccattctggaggcgctgtagatttagcgatttttagtttgcatcttgctggtgtatcgtctattctgggtgctattaattttatcgtaacaatcctgaacatgagatgtcctggaatgacagctcatcgtacgccacttttcgtttgggcagtttttattacagcttttttattactcctttcattaccagttcttgccggggcaattacaatgttgcttacggatcgaaattttaacacatcattttttgaccctagtggcggcggtgatccagtactttatcagcacttattt"
"146","OTU_1196","attatcaagaaatattgctcacgcaggaccatctgtagatttagctattttttcattacatttagctggtatttcttctatcttaggagcaattaattttattactacttgtattaatatacgaacatctggaatacgattagaacgagtacctttatttgtatgatctgttgctattacagctttattactattattatctctcccagtactagcaggggctattactatattattaacagatcgaaatttaaatacttcattctttgatcctgcaggaggtggagatcctattttatatcaacacttattc"
"147","OTU_7546","tttagcaggaccacaaacacactcaggtgggtcagttgatatggccatatttagtttacattgtgcaggtgcttcatccatcatgggtgcaataaatttcattactactatatttaacatgagagcccctggtttaacattagataaattacctttatttgtttgatcagttttaattactgcttttttacttttattatcattgcctgtattagcaggtgctataacaatgttacttacagataggaattttaatacaacattttttgatcctgcaggtggaggtgatccagttttatatcaacatttattt"
"148","OTU_964","attatctagcattgaattccactcaggtgcttctattgatttagctatctttagtctacacctagctggtatctcatctatcttaggagctatgaacttcattactactattttaaatatgagaactcctggaatgactatgcatagaatgcctctattcgtttgagctgtatttattactgctattctattattattatcattacctgtattagctggagctattactatgcttttaactgatagaaactttaatacatcattctttgaccctgctggaggaggtgatccaatcctttatcaacacctattt"
"149","OTU_3446","tttaagaagtaacctagctcatgcgggggcttccgttgacttcgctattttttctttacatttagcgggggtttcttcccttcttggggctgtgaattttattaccactattgtaaatctgcgagcaatagggttaattcttagccggctatctttattcccttgatccgtcctagtaacagcagtattacttctactgtctcttcctgttttagcaggggccatcacaatactactaacagatcgtaatttaaacacttcattttatgaccctagagggggtggggatcctctactctaccaacacctgttt"
"150","OTU_3670","tttaagtagtagtgagtttcattcaggtccttcagtagatttagctatttttagtttacatttagctggtgcgtcttcaataggaggtgctattaattttattgtaacaatttttaattgtagagctagaggtttaacgttaatgagaatgcctttatttgtttgatctgttttaattactgcttttttattattattatctttacctgttttagctggaggaataactatgttacttacagataggaatttagcaacaaacttttttgatcctgctggtggaggtgatattttattatatcaacatttattt"
"151","OTU_1043","tttatcaggtatcacagctcactctggaggttctgtggatttagctatttttagcttacacctgtcaggtgcagcatcaattttaggtgcaattaattttatttgtactgttattaatatgcgggcaaaaaacttagcatttcatcggttacctctattcgtatggtcattatttattaccgctattttattacttctgtctttaccagtattagctggagctattacaatgttattgacagatcgtaatttcaacactactttctttgacccagctggaggaggtgatcctgtattatatcagcatcttttt"
"152","OTU_5501","tttaagtagtgtacaagcacactcagggccttcagtagatttagctatttttagtttacatttatcaggagtttcatcattattaggagcaattaattttttaattactatttgaaatatgagagcacctggattctttttccataaattagagttatttgtatgatctatttttgtaactgctattttattattattatctttaccagtattagcaggagcaattactatgttattaactgaccgtaattttaatactactttctttgatcctgctggaggaggagatcctgtattataccaacatttattc"
"153","OTU_7276","actatcaggaatccaaagccactcaggtggatcagttgacctggctatcttcagcctacacctatcaggtatcagttcaatgttaggagcgatgaacttcatcactacaatcctaaacatgcgacaccctggtatgtcaatgcacaaacttcctctattctgttgggctatcttcattacagctattctacttctactatcactaccagtgctagcaggtggaattacaatgctgctaacagatcgaaacttcaacacatcattctacgacccagctggaggaggtgacccaatcctattccaacacctattc"
"154","OTU_3687","attatcatctaaagctggtcagccaggtcctgcaatggatttagcaattttaagtttacacttagctggggcttcttcaatattaggtgcggtaaattttataactacaattttaaatatgcgaacacctggtatgactttacataaaatgccattatttgcttggtcgattttagtaactgcatttttattgttgctttctttaccagtgcttgctggtgcaataacaatgttgttaacagatagaaattttggtactgcttttttcgaggctcaaactggtggggatccagttttatttcaacacttattt"
"155","OTU_433","tttatctgggggtactgctcattctggaagtgctgtagatttagctatttttagcctacacgtttcaggagcatcttctatattaggtgcaataaattttatctgtactatttttaatatgagaataaaaagtttagcttttcataaattacctttatttgtatgggctgtattaataacagcttttttacttttattgtcattgcctgtattagcaggtgctataacaatgttattaactgatagaaattttaacacaactttttttgatcctgcaggaggaggagatcctgtattataccaacatctattt"
"156","OTU_350","attaagcacttctttcatgagtttatcaccttcaagtacaggaaatcttatctttggattattaatctctggtgtatcctcatgtctcacatctcttaacttttggacaacaattctaaatctgagatcttattatctgacattaaagactatgccattattcccttgggctctcttgatcacaggaggaatgcttttattaacattaccaatcttatcaggagcttttctaatggtcttggctgatcttcattctaatacacttttctttgatccaatctttggaggagatcctatattctatcaacacttattt"
"157","OTU_9909","tttaagaactatgggtcaccctggtagaagagttgatttagctatttttagtcttcactgtgcaggtttaagatctattttaggtggtattaattttatgtgtacaacaaaaaatcttcgtagaagatctatttcacttgaacatataagattatttgtctgaactgtttttgttactgtatttttgttagttttatctttacctgtattagctggtgctattactatattattaactgatcgtaatttaaatacttctttctttgatccaagaacaggtggtaaccccttaatttatcaacacttattt"
"158","OTU_10465","attatcatctattgaattccactcaggtggatctattgatcttgctatttttagtctacatttagccggaatttcttctattttaggagcaagtaatttcattactactatcttaaatatgagagcacctggtatgactttacatagaatgccattatttgtatgagctgtacttattacagctattttactgttattatcattacccgtacttgctggagcaattactatgttattaacagatagaaactttaatacttcattctttgaccctgctgggggaggagatccaattttatatcaacatttattt"
"159","OTU_1977","attagcaagtaatattgcacacgctggtccctcagtagatttagctattttttctctccatctagcaggagtctcttctatcataggagccttaaattttatcacaacagttatcaatatacgatcgagcggattgaaattagaacgcgttcctttatttgtgtgatctgtagtaattacagcagttcttcttcttttaagattgccagtattagcaggggcgattacaatattattaacagaccgcaacctaaatactgcgttttttgaccctgcagggggaggagacccaattttataccagcatctattt"
"160","OTU_6643","tttaagttctatacaaagtcactcaggtgcagcaatagatttagccatttttagtttacatttatcgggtgcatcttctattttaggtgctattaattttatctcaactatttttaatatgcgtagttcaggtcaaactatgtatagaatcccgttatttgtatggtcaattttagtaacagcatttttacttttattagcagttcctgttttagcaggagcaattacaatgcttttaacggatcgtaattttaatacatcattctttgatcctggtggtggtggtgatcctgttttatatcaacatcttttt"
"161","OTU_7173","tttaagtagtgtaacatctcactctggaggatcggtagatttagctatttttagtttacatttatctggattaagtagtcttttaggagctattaactttatcacaactatatttaatatgcgaggtcctggaatgactatgcacagacttccattatttgtatggtcagttttaataacagcatttttgcttttattatctcttcctgttctagctggtgctatcacaatgttactaacagatcgtaactttaacactagtttttttgatcctgcaggtggaggagatccaatattatttcaacatttattt"
"162","OTU_4337","tttagcaagtgcacaagcacactcagggccatctgttgatttagcaatatttagtttacatttagcaggtattgcttcaattttaggtgctgttaattttattacaacaattgtaaatatgagagcacctggtatgacatttcacagattacctctgtttgtatggtctgtcttaattactgctgtattattattattatcgctaccagtattagcaggtgcgataacaatgttattaactgatagaaaccttaatacatctttttttgacccatctggtggtggtgaccctgtattatatcaacatttattt"
"163","OTU_4666","tttaagttcaattcaaagtcattctggagctgcggtagatttagctatttttagccttcatttatcaggagcttcatcaattttaggagctgtaaattttatttcaactattttaaatatgcgtagtcctgggcaaagtatgtacagaattcctttatttgtttgatctatatttgtaactgcatttttacttttattagcagttccagtactagcaggggctattacaatgcttttaacagatcgaaattttaatacttcattttttgaccctgcaggtggaggtgatccagttttgtatcaacatttattt"
"164","OTU_798","attatcgagcgggacatctcattcaggcggtgctgttgacttagctatttttagtttacatttatcgggagcatcttcaattttaggtgcaatcaattttatatgcactatttttaatatgcgtgttaaaagcttgtcgtttcacaaattacctctatttgtatgggccgtgttaattacagcatttttgttgttattatcattaccagttttagcaggagcaattacaatgttattaacggatcgaaacttcaatacaactttttttgatcctgctggaggtggtgatcctgtattataccagcatttattt"
"165","OTU_252","cttgagttcgattaccggccatagctctcccgcagtagatatggctattttttcacttcacttagctggagcttcttcaatactgggtgctgtaaacttcattaccactattctgaatatgagagctccaggaatgactctccataagatgcctttatttgcttgggccatgttagttactgcttttctacttcttttagctgttcctgttttgggtggagctatcactatgctacttactgaccgtaactttgggactacattttttgatcccgctggtggaggtgaccctgttcttttccaacaccttttc"
"166","OTU_8436","attgtctagtattatagcacattcaggtggagctgtagacttaggtattttttctttacatattgcaggagcttcttctatcgcaggagctattaattttataagtactattatgaatatgagatcatttggaatggaatatcatagattacctctatttgtttgatctgtatttattaccgcagtacttcttttattaactttaccggttttagcaggagcaattaccatgctattaacagaccgtaattttaatactactttttttgacccagcaggaggaggtgatcctgttttatatcaacatttattc"
"167","OTU_3362","tctatcatctaaagctggtcaaccaggacctgcaatggactttgcgattttaagtttacacttagcaggagcttcatcaattttaggtgccgttaactttattacgactatcttaaatatgagaaccccaggaatgacactgcataaaatgccattgtttgcttggtctattttagttacagcttttttactgttactttcattaccagttttagcaggtgcaattacaatgcttttaactgacagaaattttggtaccgccttttttgatgcacaaacaggaggggatcccgtcctcttccagcatttattt"
"168","OTU_2086","tttaagtagtgctcaggcgcattctgggcctgctgtagaccttgctatttttagtttacacttatcaggagcttcttctattttgggtgctataaattttataaccaccatttttaatatgagagcacccggaatgtctatgcatcgtttacctttaatggtctggtctgttttaattacagctttcttgttacttttatctttacctgttcttgcaggtgctataactatgcttcttacagacagaaattttaatacaactttcttcgatcctgctggaggtggtgaccctgttctttatcaacatttgttt"
"169","OTU_561","gatatcgtcaactcttttacatccaggagcttgtgttgattacggtatatttagtttacatttagcaggagccgcttctattgcaggttcgataaattttttaaccacaattttttctatgggtgctaatggtttaaagcataatagattacctttatttatatgatctgttatatttacttctatattattagttttatcattacccgttttagcaggagctattactatgcttttaactgatagaaatttaaatacatctttttttgacccagacggaggaggagatccagttctttttcaacatatattt"
"170","OTU_3215","ccttagctcaattacaggtcatagctcaccagctgttgatatggctatattttcattgcatctagctggtgcatcttcaatcctaggagctgtcaattttattacaactattcttaatatgagagttccaggaatgactcttcataaaatgcctttatttgcttgggcaatgttagttacagcatttcttttgcttcttgcagtgcccgttcttggaggtgctattactatgttattaacagatagaaattttggaactactttcttcgatccagcaggtggaggagatcctgtgttattccagcatcttttc"
"171","OTU_1067","tttgagttcgattactggccatagctctccagcagtagatatggctattttttcacttcacttagctggagcctcttcaatactaggtgcagtgaacttcatcaccactatccttaatatgagagcccctggaatgacacttcataaaatgccattatttgcatgggctatgttagttaccgcttttcttcttcttttagctgttcctgttttgggtggagctatcactatgctacttactgaccgtaactttggaactacattttttgatccagctggtggaggtgaccctgttcttttccaacaccttttc"
"172","OTU_4411","tttggcaagtgttgagtttcactcagggccatctgtagatctagcaatttttagtctacatttggcaggtgcttcttctattttgggtgctattaattttattacaactatttgtaatatgcgaagtcctggtatgacaatgcatttgttgcctttgttttgttgggctgttctaattacagctgttttgcttttgttgtcgttgcccgttttggctggggcaattacaatgcttttgtgtgatcgtaattttaatacaactttttttgatcctgcaggagggggagatccaattctttagcaacatttgttt"
"173","OTU_2200","actatctagtggtacttcacattctggaggagctgttgatttagctatttttagtttgcatctttctggagcttcttctatattaggggctattaattttatttgtacaatttttaatatgcgagttaatagtttatcttttcacaatttacctttgtttgtttggtcaattttaataacagcgtttttattattattatcgttacctgttttagcgggtgctattactatgttattaacggatagaaattttaacactacgttttttgaccctgcgggtggaggagatcctgtattatatcaacatcttttt"
"174","OTU_2886","ttatctggtattcttgctcattctggtggtgctgttgacttagcaatttttagtttacatttagctggtatctcgtctattttaggggctatcaattttatcgtaactattttaaatatgcgttgtccaggaatgactgcccacagaacgcctttatttgtatgagcggtttttattacagcttttcttttattactttctttacctgttttagctggggctatcacaatgctattaacggatagaaattttaatacttcattctttgatccaaatggtggtggtgatcctgttttataccagcatttattt"
"175","OTU_384","attatcttctaaagcgggccagccaggtcctgcaatggatttagcaattttaagtttacatttagcgggagcttcttcaattttgggtgcagtgaattttatcactacaattttaaatatgagaacccctggaatgactttacataagatgccattatttgcttggtcaattttagtaactgcatttttattattactatctttaccagtacttgcgggtgcaatcacaatgttattaacagataggaattttggaaccgccttttttgaggctcaaacaggaggtgatccagttttattccaacatttgttt"
"176","OTU_8149","tctaagtagtgtacaagcacactcagggccgtctgtagatttagctatttttagtctacatctttcgggggcttcatcaattttgggggcaattaatttcatcaccactatttttaacatgcgggcacctggtatgactatgcaccgtctaccattgtttgtttgggctatcttgattacagcgttcttgttgcttctttctttacccgttttagcaggtgcaattactatgctgttgactgaccgtaatttcaacacaaccttttttgaccctgcgggtggtggtgatcctgttctttaccaacatttgttt"
"177","OTU_500","attatcatcagtagaattccattcaggaggagcagtagatttagcgatcttcagtttacacttagcagggataagttcaatattaggagcaagtaattttattacaacaatcttaaatatgagagcacctggaatggattttcataaaatgccattatttgtatgagcagtattaataacagcagtgttattattattatcattaccagtactagccggaggaataacaatgttattaacagatagaaactttaatactagtttctttgacccagcagggggaggagatcctatattataccaacacctattc"
"178","OTU_1224","actatcatcaattgaatttcactcggggggttcaattgatttagccatttttagtttacacctagccggaatatcatccatcctaggagccatgaattttattaccactattttaaacatgagaacccctggtatgactatgcatagaatgcctttattcgtatgagccgtgtttattactgctatcttattattattatcattgccggtacttgcgggtgcaattacaatgcttttaacagatagaaactttaatacctcgttttttgacccagccggtgggggagatccaatcctttaccaacatctattt"
"179","OTU_2144","tttatcttctaagacaggtcaaccaggaccagcaatggatttagcaatcttaagcttacacgtagctggagcctcttctattttaggagcaataaatttcataactactattttaaatatgagaacacctggcatgacgttacacaaaatgccattattctcatggtcgattttagtaacagcatttttacttttattatcattaccagttttagcaggagcaatcacaatgcttctgaccgatagaaattttggaactgctttttttgaagctcaaactggtggagatccagttttatttcaacacttattt"
"180","OTU_7038","tttatcaggtccattaagccattcaggagcctctgttgatttagtaatatttagtttacacatagcaggtgcctcttcaatcatgggtgcaattaattttatttgtacaatagtaaatatgagaaccccaggattaactatggataaactacctttatttgtttgatccgttttaataactgccgttttactattattatccttacccgttttagcaggtgctataactatgctattaaccgacagaaatttaaacacaaccttcttcgatcccgctggaggaggggaccctattttatatcaacatttattt"
"181","OTU_5709","actttcatcggtggaggctcactcgggtccttctgttgacctagccatcttctctctccacctagctggtgcttcgtctattcttggtgcggtaaactttattaccactatcctgaacatgcgagcccctggtatgaccatgtaccgacttccactatttgtttggtcggtgctgattactgcagttctactgctaaggtcacttccagttctagccggagcgattactatgcttctaactgaccgaaacatgaacacttccttcttcgaccctgctggaggtggtgatcctgttctctaccagcacctattc"
"182","OTU_3590","gttatctggtattttagctcattcgggtggggctgttgatttagcaatttttagtttacatctggccggtatttcatctattttaggggctatcaattttatcgtaactattttaaatatgcgttgtccgggaatgactgcccatagaacgccattatttgtatgagcagtttttattacagcttttcttttattactttctttacccgttttggctggagctattacaatgctattaacggatagaaattttaatacttcattctttgatccaaatggcggtggcgatcctgttttataccagcatttattt"
"183","OTU_7754","attaagttctattatgagtcactcaggtggatctgttgatttagcaattttcagtcttcacgtttcaggtgcaagtagtattcttggagcaattaactttattacaactatttttaacatgcgtggaccaggaatgacccttcaccgtatgccattatttgtatggtcagtactcattacagcatttcttcttctcctttctcttccagttcttgccggagccattacaatgcttctcacagatcgtaactttaatacaactttttttgatccagcaggtggtggagatccaattttatttcaacacttattt"
"184","OTU_6132","tttatcaagtgttcaagcacactctgggccttcagtagaccttgctatttttagtttacacttagcaggagcatcttctattttaggtgcaattaactttattacaactatctttaatatgagaactcctggaatgaaaatgcataacatgcctctaatggtatgggctgtattagtaacagcttttcttttattattatctcttccagtattagcaggagctattactatgttattaacagatcgtaactttaacacaacttttttcgatccagcaggaggtggagaccctgtattatatcagcacttattc"
"185","OTU_1858","attatcatcaattgagttccattcaggaggatcagtggatttagctatttttagtttacatctagcaggtatctcatcaattttaggagcaatgaatttcattactactattttaaatatgagagcaccaggtatgacaatgcatagattaccattatttgtgtgagcggtattcgttacagctatcttattattattgtcattaccagtattagcaggagctattacaatgctattaacagatagaaactttaatacttcattctttgacccagcaggtggaggagatccaatcttatatcaacatttattc"
"186","OTU_5778","tctttcaggaattattgctcactcaggtggtgcagtagacttagcaatttttagtcttcacttgtctggagcagcttcaattttaggtgcaattaattttatttgtaccattgttaatatgagaactgaaagtcttccattccacaagctgcctttattcgtatgggctgtttttattactgcaattttattattgttatctttaccagtattagcaggtgctattaccatgttattaactgatagaaatttcaatactacattctttgaccctgcaggtggaggtgatccagtattgtaccagcatttattc"
"187","OTU_3111","tttatcatctacagcaggtcaaccaggtcctgcaatggattttgcaattttaagtctacacttagcgggagcctcctcaattttaggtgcagtcaattttatcacaacaattttaaacatgagaacacctggcatgacacttcataaaatgcctttatttgcatggtcaatactagtaacagctttcttattattgttatcgttaccagttttagcaggagcaattacgatgcttcttacagatagaaattttggaacagctttctttgatgcacaaactggtggagacccagttttattccaacacttattt"
"188","OTU_5853","tttatcagactctctagcacatagtggtaaaagagtagatttaacaattttttcattacatcttgcaggtatttcatcaattttaggtgctattaactttatttccacaataatcaatatacgaggaagaataactttagacaaaatacctttattaacttgatcaattattattacagcaattctattacttttatctttacctgtgttagcaggaggaattacaatgctattaacagaccgaaactttaatacttcattttttgatgtaagaggaggcggagatccattattatttgaacatattttc"
"189","OTU_2871","tttatcatctaaagctggacaaccaggtcctgcaatggatcttgcgattttaagtttacacttagcgggtgcttcatcaatcttaggtgcagttaactttataacgacaatattaaatatgagaactccaggcatgacattacataaaatgccattatttgcttggtcagttttagttacagcatttttattattattatctttaccagttttagctggtgcgattacgatgttgttaacggatagaaattttggaaccgcattttttgaagctcagacaggtggagacccagtattataccaacatttattt"
"190","OTU_6352","tttaagtagtgttcaagcgcactcgggtccttctgtggatttagccattttcagtttacatttgtctggtgcctcttctattttaggggcaatcaatttcataacaactatttttaatatgagagcacctggtatgacaatgcacaggttgccgcttatggtatgggctgttttaattacagcttttttattactactttctttaccggtattagctggagctattacaatgttgcttactgatagaaatttcaatacgacattttttgatccagcaggtggaggagatccagtgttataccaacatttgttc"
"191","OTU_12833","gctttcaagtattcaggcccattcagggggttctgtagatttagcaatttttagtttacatttggctggtgtctcatctatagctggagcgataaattttattacgacaattttaaatttaaatactcgtggtttaaaattgcatagattgcctttatttgtatgatctgttttaattacagcagttttattattattatcgttacctgttttagcggggggtattactatgttattaactgatcgtaatttaaatacttcattttttaatccatcaggtggaggtgatccaattctatatcaacatttattt"
"192","OTU_2983","gctaagatcgagaatggggcattctggggcgtctgttgattttgctattttttctttgcacctggcgggggtttcctccctcctgggggctgtaaattttattagcactcttaaaaatacgcggaccctggggttaattttggatcgggtgaggctatttccttggtccgtactagtgactgctcttttgctcttgttatctttgccggtgttagccggggctgttaccatgcttttgacggaccgaaatttgaacacaagattttatgacccaagagggggaggggaccccattttgtatcagcacctattt"
"193","OTU_12928","gctttctgctatagaaggtataggtgttgatttagctatttttagtttacatttagctggaattgcttctttattaggtgctataaattttataactactatttttaatatgagagctcctggaataacaatgcataaattaccattatttgtttgatctattttagtaacagcatttttattagttttttcattgccagtcttagcagctgctataacgatgttattaactgatagaaattttaatacttctttttatactcctataggtggtggtgatcctattttatatcaacatttattc"
"194","OTU_7416","attgagtcatattacggctcattcagggggttctgtagatttagctatctttagtttacacttatcagggctaagcagcctattaggagccataaattttattacaacaattatcaatatgagaggacctggaatgagtatgcaccgtatcccattatttgtgtggtcggttttcatcactgctttcctcttactattatccttaccagtattagcaggttgtattacaatgctgttaactgataggaatttcaatacttctttttttgatcctgcaggaggaggagatccaatcttgtatcaacatctattt"
"195","OTU_5159","gctgtcgggaatagttgcacattcagggggtgctgtagacttagcaatttttagtttacacctatccgggatttcttctatattgggagctataaattttatatgtacaattgttaatatgagagcagaaagtttaacgatgcacagattaccgctgttcgcgtgggctatgctaattacagcagcactcttgcttatatcgttaccagtattagcagccgctcttacaatgctaataactgacagaaatttcaacactactttttttgatcctttgggagggggagaccctgttctttaccagcacctgttc"
"196","OTU_312","attaagtagtgttcaggcacactctggtccttctgttgatttagcaatttttagtcttcacttatctggagcagcttctattttaggtgctattaattttattactaccatttttaatatgagagctcctgggatgactatgcatagattacctctatatgtttggtctattttaatcacttcattcttactgttattatctttaccagtacttgcaggtgctattactatgctattaactgatagaaattttaatacaaccttttttgatcctgctggaggaggagatccaattttataccaacatttattt"
"197","OTU_3211","cctttctagaaatatcgctcacgcaggcccctctgtagacctagcaattttctcccttcatttagcaggagtctcttcaatcttaggagctgttaattttatcactacggtaattaatatacgttcgtcgggatatcgactagaacgggtccctttatttgtatgagccgtaaaaatcacggctgtgcttctacttctctctctcccagtattagccggagctattactatattattgactgatcgtaacctaaatacctctttttttgacccggccggaggtggagacccagttctttatcaacacttattt"
"198","OTU_7766","tttatcagggattatagcacattctggaggagctgttgatttagccatattcagcttgcacctttcaggagcgtcttctatcttgggggcaatcaatttcatttgtacaatagtcaacatgagaacagaaagtttacctttccacaaattacctttgtttgtgtgggctgtccttataacagctgtcttgttattactatcgttgccagttttagctggagccattactatgttacttacagataggaatttcaatacaactttttttgatccagcaggtggaggagacccggttctttaccaacacttattt"
"199","OTU_1893","gttatcagggcctatagcacattcaggtgcttcagtagatttagctatttttagtttacatttagctggtatatcttctatagcgggtgctataaattttatagttaccatatgtaacatgagaatgcgtggtatgactcttttacgtatgcctttatttgtttggtctgttttaataactgcatttttattattactttctttacctgttttagcaggtgctataacaatgttattatctgatagaaatttaaacacctcattttttgattatgaaggtggaggtgatcctatactttatcaacatttattt"
"200","OTU_3790","actatcaggaattttagcccactcaggtggtgctgttgacttagcaatttttagtctacatttagctggtgtgagttcaattttaggtgcaatcaattttatcgtaacaattttgaacatgagatgtcctggaatgaccgcgcatcgtacgcctttgtttgcatgagcagtcttcataactgcttttctacttcttctgtcacttccagttttagctggggcaatcacaatgcttcttactgatcgaaactttaatacatcgttctttgatccaagtggtggtggtgaccctgtattgtatcagcatcttttt"
"201","OTU_1755","acttgccggtatacaagcccactcaggaggatccgtagacttagcaatttttagcctacatatcgcaggtgtttcatctattcttggagctattaactttattgttacaattgcaaatatgcgagctccaggaatgacggctcaccgtactcctttattcgtttgagcagtgtttattacagctttcttactcctattgtcattgcctgtattagccggagcaattacaatgttactaacggatcgaaactttaacactgcgtttttcgatccaaatggtggtggagaccccgtgttataccaacaccttttc"
"202","OTU_5400","tctgtcaagtggaacttctcattctggaggtgctgttgatttagcaatttttagtttacacctttcaggagcttcttctattttaggagcaatcaatttcatttgtactattttcaacatgcgagttaaaagtttatcatttcataatttacctttatttgtttggtcagtattaattacagcttttttactattgttatcgttaccggttttagctggagcaataacaatgttattaactgatcgaaattttaatactacattttttgacccagcagggggaggagatcctgtgctgtaccagcacttattc"
"203","OTU_6785","attatctggaattcaagcacattcaggtggttctgttgattgtgctatatattctttacatttagctggtgtttcatctatattaggtgctataaattttattgtaactattactaatatgcgagctcctggtttaacagcaaatagaacacctctatttgtttgatctgtttatataacagcatttttactattattatctttacctgttttagctggtgctataacaatgttacttacagatcgaaattttaatacatctttttttgattcaaataatggtggtgatcctgtattatatcaacatttattt"
"204","OTU_12081","actttctagtgtacaagcacactctggaccctctgttgatttggctatttttagtttgcatgtttcaggggcagcttctattttgggttctattaattttattaccactatctttaacatgagagggcctggtataactatacatagactccctttgttttgttgggcattgctaattacagcttttttgctacttctatcacttcctgttcttgcaggggctattactatactgctatgtgatagaaacttcaatactacattttttgatcctgctggaggaggagatcctgtactatatcaacatttgttc"
"205","OTU_8786","tttaagcggtattcaagcacattcaggtccttctgtagatttagcaatctttagtcttcatctatcaggagcagcttctattttaggggctataaacttcataacgaccatttttaatatgcgagcgcctggaatgaatatgcatagacttccactctttgtgtggtctgttttaattactgcttttttactattgttatctcttcctgttttggctggaggtattacaatgttattgactgatcgaaacttcaatactacctttttcgacccagccggaggaggagatccggttttataccagcatttattt"
"206","OTU_3829","cctttcaggtaatattgctcatgcaggaccatccgtagatcttgcgattttttccctccacttagcaggaatctcatcgatccttggtgctttaaattttattacaacagttattaatatacgatgaactgcccttcgtcttgaacgagttccattatttgtttgagctgttaaaattacggctgttctattactattatcccttccagtcttagctggagctattacaatgcttttaacagatcgaaatatcaacacagctttttttgatccagctggaggtggtgatcctattttataccaacacttattt"
"207","OTU_1743","tttatcaggtatacaagctcattctggaggttcggttgattgtgccattttctctttacaccttgctggtgtttcttctatacttggtgctatcaattttattgttacaataacaaatatgcgcgcgccaggaatgacagcgcacagaactcctttatttgtctgagctgtttacattactgctttcctacttctattatctttgcctgttttagctggcgcaattactatgctactaacagatcgtaatttcaatacctcgttttttgacccaaacggtggtggtgatcctgtcctttaccagcatcttttt"
"208","OTU_10510","gctatcaggaattattgctcactctggaggtgctgttgacttagcaatttttagtttgcatttgtcgggagcatcgtccattctaggagctataaacttcatttgtacaatcgtgaatatgcgtactgaaagtcttccattccacaaattacctttatttgtttgggcagtgttaattacagcagtattactgctgttgtcgttacctgttctagcgggagcaattacaatgctattaactgacagaaactttaacacaacctttttcgatccagcaggaggaggtgatcctgtattataccagcatttattt"
"209","OTU_4851","tttagctagtatacaagcacattcaggaggttcagttgatttagcgatttttagtttgcatttagctggtgcttcttctttattaggtgcaattaattttataactactgtttttaatatgagatcaccaaaattagaaatgcataaacttcccttatttgtatgggcagttttaataacagcattcttactgttattatctttaccagtgttagctggtgctataactatgcttttaacagatagaaattttaataccactttttttgatccggcaggtggtggagatcccattttataccaacatttattt"
"210","OTU_8679","attagcagggattattgcgcattccggtggttccgttgatgccgctattttttcactacatttagctggtgtttcatcaattttgggtgctattaattttatcgttactattacaaatatgagagcccctggaatgggagctcatcgcaccccattatttgtttgggctgtttatattaccgcgtttttattattgttgtcgcttccagttttagctggtgcaattacaatgttgcttacagatcgtaattttaatacatctttttttgatcctagcgctggtggcgaaccattactttaccagcacttattt"
"211","OTU_4738","attatctagtattattgcacattctggtccagcagtagatttaggtattttctctttacatctagcaggtgcttcttctattatgggagcagctaattttattacaacaattattaatatgagaggtccgggtattacttggcatcgattacctttatttgtttggtctgtatttattacagctattttattattattatctttacctgttttagctggagctattactatgttattaacagatagaaactttaatacaactttctttgattcagctggtggtggtgatcctattttattccaacatttattt"
"212","OTU_11125","tctatctagtattattgctcactctggtccagctgttgacttaggtatttttagccttcacttagcaggtgcatcttcaattatgggagcgaataactttattacgactattatcaatatgcgaggtccaggtattacttggcatcgattaccattatttgtatggtcagtatttattacagcaatcttattattattatctttacctgtattagctggtgcaattactatgcttttaacagatcgtaactttaatacaactttctttgatccagctggtggtggagatcctatcttattccaacatctattt"
"213","OTU_6830","attatcctctaaagcgggtcaaccaggtcctgcaatggactttgctattttaagtttacacttagcgggtgcttcatcaattttaggagcggttaattttattactaccattttgaatatgagaacacctggaatgacattgcataaaatgcctttatttgcttggtcagtactagttacggctttcttactattattgtctttaccagttttagcaggagcaattacaatgcttttaacagatagaaattttggtacagctttttttgatgcacaaacaggtggagacccagtcttataccaacatttattt"
"214","OTU_1461","tctaagtgcggaattagcccattctggcggagccgtagatctaagtatctttagtttacatgttgcaggtttttcttcaattgcaggagctattaatttcataaccagtatttttaatatgagaaccaaaagtttttccatgaacagaataagtttatacctgtgagcaattttaattacagcatttttattacttttatctttacctgtgttagctgggtgcattacaatgttattaactgatagaaattttggtactactttttttgatagtttaggcggtggagaccccgttttatttcaacacttattt"
"215","OTU_3355","tttatctagtgttcaagcacattcaggtgcagctgttgatttagctatttttagtttacacttagcaggtgtttcttctattgcgggtgcaattaattttattactacaattttaaatttaaatgctcgaggtttaaatttacatagatttcctttatttgtttgatctgttttaattacagcagttctactattattatctttacctgtattggccggtggtattacaatgcttttaactgatagaaaccttaatacatctttttttgatcctgcaggtggtggagatcctattttgtatcaacatttattt"
"216","OTU_3703","attaagctcaattatgagccactcaggtggatcagttgatttagctatttttagtttacacgtttctggtgcaagtagtattcttggagcagtgaactttattacaactatttttaatatgcgtggtccaggaatgacacttcaccgtatgccgttatttgtatgggcagttcttattactgcttttcttcttcttctttctcttcctgtccttgctggagcaattacaatgttacttactgatcgtaactttaatacaactttttttgatcctgctggaggtggagacccaattctttttcaacaccttttt"
"217","OTU_3928","tcttgcaagcaatcttgcccacgctggcgcctccgttgacctcaccatcttctcactccacctagcaggtgtttcatcaattctaggggcaattaattttattactactattatcaacataaaaccccctgcaatctcacagtaccaaacacccctctttgtttggtccgtccttattacagccgtcctgctactgctatctctgcccgtcttggccgccggcatcacaatgctattaactgaccgaaacctcaacacctctttctttgaccccgccggagggggagacccaatcctataccaacacttgttc"
"218","OTU_6229","attaagtactatttcacatacaggaccagctgtagattttgctatttttagtttacatgtgtcagggatatcttctatttcgggtgctataaatatgattgtgacaatttttaatatgagagtttctgggttatggctatcaaaagtaccgttatacgtttggtcagttttagttacatcttttttattattactatcattacccgtgttggctggtgcattaactatgttaattacagaccgtaattttggtacttctttttttgctccagagggagggggggatccattattgtatcaacatttattt"
"219","OTU_462","attatctagtggaacctctcactcaggtggtgcagtagatttagctatttttagtttacacttatctggagcttcgtcaattttaggagcaatcaattttatttgtactatttttaatatgcgagtaaaaagtttatcatttcataaattacctttatttgtatgggctgtattaattaccgcgtttttattattgttatctttacctgttttagcaggtgctattacaatgctattaacagatcgtaattttaatacaactttttttgacccagcaggtggcggtgaccctattttataccaacatttattt"
"220","OTU_1136","attatcatctaaagctggtcaaccaggacctgcaatggactttgctattttaagtttacacttagcgggtgcttcatcaattttaggagcagttaactttattactaccattttgaatatgagaacacctggaatgacattgcataaaatgcctttatttgcttggtcagtactagttacggctttcttactgttattgtctttaccagttttagcaggagcaattacaatgcttttaacagatagaaattttggaaccgctttttttgatgcacaaacaggtggagacccagtcttataccaacatttattt"
"221","OTU_4537","ttaagtagtattattgctcactcaggtcctgctgttgatatgggtatttttagtttacatttagcaggtgcttcttctattatgggagctattaatttcattactacaattattaatatgcgtggtcctggattatcttggcatagacttcctttatttgtttgggctgttctaattactgctattttattattattatcattaccagtattagcaggtgctattactatgttattaacagatcgtaattttaatacaactttctttgatcctgcaggtggtggagatcctatattataccaacacttattt"
"222","OTU_3314","tttagcaggacctcaaactcattcgggaggttccgttgatatggcaatttttagtttacattgtgcaggtgcatcatcaattatgggagcaataaattttattactactatatttaatatgagagcaccagggatgactttagataaattaccattatttgtatgatcagtattgattactgcatttttattattattatctttaccagtattagcaggagcaataactatgttactaactgatagaaattttaatacaaccttttttgatccagcaggaggaggtgatcctgtattatatcaacatttattt"
"223","OTU_3693","actttcaagtgtacaagcacactcaggtccttcagtagatttagctatatttagtttacatttatcaggtatttcttcaatattaggttctataaattttattacgactattttaaatatgagagcacctggtatgactatgcatagattacctttatttgtgtgggctgtttttattactgctattttattattattatctttacctgttttagcaggtgcaattacaatgttattaacagatcgtaatttaaatactactttttttgatccatcaggtggaggtgatcctgtattatatcaacatcttttt"
"224","OTU_568","tctttccggaaatggggcacacgggggaccatctgttgaccttgcaattttctcccttcaccttgcaggaatttcttctattttaggtgcactaaattttattacaactgttattaatatacgatgaaagggactccgtttagagcgaattccattattcgtatgagctgttgttattactgcagttcttcttctcctctcacttcccgtgctagctggagcaattactatacttttaacagaccgtaatttaaacacatccttcttcgaccctgcaggcggtggagatcctattttataccagcatttattc"
"225","OTU_236","attaagtagtattttagctcattcagggccttctgtagatttagcaatttttagtctacatttagctggtgcttcttctattttaggttcagtaaattttattgtaactatttttaatatgagagctattggtatgtcattacatagaatgcctttatttgtatggtctgtattaattactacctttttattagtaacttctttacctgttttagctggagcaattaccatgttattaacagatagaaatttcaatacaactttttttgatccagctggaggaggtgatcctgtattataccaacatttattt"
"226","OTU_6780","actagcaagcataggatttcattcaggcgggtctgtagatttagctatttttagcttacatctttctggagccgcttcgatactaggagctataaactttatatgtaccattactaacatgagatccaaaagcatgccgttttacaagcttcctttatttgcctggtctatatatataacagcgtttttattacttctatctttgcctgtcttagctgctgcaattacaatgcttttgacagacagaaactttaatacaacgtttttcgacccagcaggaggaggagatcctgttttataccaacatttattt"
"227","OTU_642","attatctagtggatcatcacattcaggtggtgctgtagacttagctatttttagtttacacttatctggagcttcgtcaatcttaggagcaataaactttatttgtactattttcaatatgcgagtaaaaagtttatcattccataaattacctttatttgtttgggctgtattaattaccgcgtttttattattgttatctttacctgttttagcgggtgctattacaatgttattaacagaccgtaattttaatacaactttctttgacccagcgggtggtggtgaccctattttataccaacatttattt"
"228","OTU_9635","tttatcaagtattgaagcacattctggcgcggcagtagatttagcaatctttagtttacacatagcgggtgtttcctcaattttaggatcaattaatatgataactacagttatgaacatgagagcgcctggtatttatatgtcaaatttacctttatttgtgtgggctatctatataacagcatggttattattattatctttgcctgtttttgcaggaggtattacaatgctgctaactgaccgaaattttaatacaacattttttgatcctgcaggaggaggagatccagtattataccaacatttattt"
"229","OTU_7060","attatctggaattacagctcattcaggtggttctgtagatttagcaatttttagcttacatctttctggtgcagcttctattttaggagcaattaactttatttgtactgtaacaaatatgagagcaaaaaatttaccatttcatagactaccgttatttgcatgggctatttttattactgcatttttattacttcttgctttaccagtattagcaggtgcgattactatgttattaactgatcgaaatttcaatacaactttttttgatcctgctggtggtggtgatcctgtattatatcagcatttattt"
"230","OTU_6357","tctttcaggaattattgctcactcaggtggtgcggtagacttagcaatttttagtcttcacctatctggtgctgcttcaattttaggtgcaattaattttatttgtacaattgttaatatgagaaccgaaagtcttccattccataaattgcctttatttgtttgggctgtttttattaccgcaattttactattgttatctttaccagtattagcaggtgctattactatgttattaactgatagaaatttcaatactacattttttgaccctgctggtggaggtgatccagtattataccagcatttattc"
"231","OTU_5825","cttatctggtatacaaagtcattcagggggttctgttgatttagcaatttttagcttacatttagcaggagtatcttctttattaggtgctataaattttataactacaatttttaatatgcgtagccctgaaatggaatggcataaattatctctttttgtatgggctgttttaataacagcttttttattattattatctttaccagtattagcaggagctataactatgttattaacagatagaaattttaatactactttttttgatccagcaggtggtggtgatcctattttatatcagcaccttttt"
"232","OTU_3665","tttagcaagtatacaagcacattctggcggttctgttgatttggctatttttagtttacatttagcaggtgcgtcttctttattaggtgctataaattttattactactgtttttaatatgagatcacctaaattagaaatgcataaattacctttatttgtatgagcagttttgattacagcttttttattattgttatctttacctgtattagcaggtgctattaccatgttattaactgatagaaattttaatactactttttttgaccctgcaggcgggggtgatcctattttatatcaacacttattt"
"233","OTU_752","attagcaagtattcagtatcacccaggggcaagtgttgatttagcgatctttagccttcatattgctggtgcctcatcaattgcaggtgctgttaattttattactaccattattaatatgcgggcacctggtatgtatatgcacaggacacctttatttgtttggtcagtttttattactgcatttttacttcttttatcgcttcctgttttagctggagcaattaccatgttattaacagaccgtaacctaaacacttcattttttgatcctgctgggggtggtgatcctgtattgtaccagcacttattt"
"234","OTU_3268","attaagcacttctttcatgagtttatcaccttcaagtacagctttcatggtctttggattattaatgtcaggtatatcctcatgtctcacatctctaaacttttggacaacaattctaaatctgagatcttattatctgacattaaagactatgccattattcccttgggctctctttataactggaggaatgcttttattaacattaccaatcttatcaggagctcttctaatggtcttggctgatcttcattctaatacacttttctttgatccaatctttggaggagatcctatattctatcaacacttattt"
"235","OTU_3470","attagctggtatagaagctcattctggtggcgcagttgatttagctatttttagtttacatactgcaggagcctcatctattatgggtgcaattaattttataacaactatttttaatatgcgaatacctggtatggaattacatgaaatgcctttatttgtatgagcaattttaattacagccgtgttattgctattatcattacctgtattagctggtgcaataactatgttattaactgatagaaactttaatactactttttttgatccagctggtggcggtgatccaatattgtatcaacatttgttt"
"236","OTU_3991","tttaagtagtattattgcacactcaggtcctgctgtggacatggggatttttagtcttcacttagcgggtgcctcttcaattatgggtgcaattaactttattacaacaattataaacatgagaggacctgggttaagttggcacagattacctttatttgtttggtctgttctgattacagctattttattattattatctttacctgttttagctggtgctattacaatgttattaacagatcgtaattttaatacaactttcttcgaccctgctggtggtggagatcctatcttatatcagcatctattt"
"237","OTU_5762","tttatcaagtatagaggcccatacaggaccagcagtagattatgctatttttagtttacatatagccggagcttcctctattataggagctataaattttattacaacaatcttaaattgtcgtttaaatggtatgtttttccataggatacctttatttatttgaactttatttacaacagcattattattattactctcattacctgtgttagcaggagcaattacaatgctattaacagataggaattttaatactactttttttgattccacagggggaggggatccccttttataccagcatttattt"
"238","OTU_4582","gttatcaagtattatcgctcattctggaccagccgttgatttaggtattttcagtttacatttagcaggtgcttcatctattatgggtgcaaacaattttattactactattataaacatgcgaggtcctggtatgacttggcatcgattacctttattcgtttggtcagtattcattactgcgattttacttttattatctttacccgttttagctggagctataactatgcttttaacagatcgaaattttaacactactttttttgatccagcaggaggaggagatccaatattatttcaacatttattt"
"239","OTU_1195","ctatctagaaaccttgcccatgcaggcccctctgtcgacttagccattttttctctccatctagctggcgtctcatcaattttaggggctctcaactttatcactacagttcttaatatacgtgtgcaaggcctgcgtatagagcgcatgcctttatttgtttgagctgttttcattactgccattcttcttctcctctctctacccgtcttggctggggggattacgatactattaactgaccgtaatattaacactacgttcttcgacccagcaggaggaggagaccctattttatttcaacacctattc"
"240","OTU_119","tttatcagcagggattgctcatgctggtgcatcagtcgacttaagaattttctctcttcatttagctggaatctcatcaattttaggagctattaactttattactactatcgttaatatacgatctcaaggaataacacttgatcggatcccgctattcgtatgggccgtggggattacagctcttcttttacttcttagtctaccagtattagctggtgcaattacaatacttcttacagaccgtaatctaaacacgtcattctttgacccagctggaggtggagacccgattctttaccaacacctgttc"
"241","OTU_1028","gttatcatctaaagcaggacaaccaggtcccgcaatggatttagcaattttaagtttgcacttagcgggcgcttcttcaattttgggggctgttaattttattactacaattttaaatatgagaacaccaggcatgacattacataagatgcctttatttgcttggtcaattttagtaactgcttttttattattgttatctttaccagtacttgctggagcaataacgatgctattaacagacagaaattttggaaccgctttctttgatgcacaaactggaggtgatcccgttttatttcaacatttattt"
"242","OTU_1763","gttgtctagtggtacttctcattcaggaggttctgttgatttggctatatttagtttacatttatcaggtgcttcttctattttaggtgcaattaattttatttgtactatttttaatatgagagtaaaaagtttagcttttcataaattacctctttttgtttgggctgttttaattacagcttttttattgttattatctcttcctgttttggctggagcaattacaatgttattaactgatagaaattttaatactacattttttgatcctgccggtggtggtgatcctgttttataccaacatttattt"
"243","OTU_3629","gttatcaagtttagagggccactcaggagcttctgttgatttagtaattttaagcttacatattgctggtatatcttcaattttaggagcaattaattttataactacaataattaatatgcgacctaaaaaattaggtatgcacatgcttcccttatttgtttgggctgttttaattactgcgtttttattattattatcattacctgttttagctggtgctattacaatgttactaaccgaccgaaattttaacactaatttttttgacccagcaggcggtggagaccctgtcttgtttcaacacttattt"
